Timestamp,Device ID,Channel,Sensor Name,Sensor ID,Data Type,Unit,Value
2021-03-30T13:08:22.564Z,66ea97c0-814c-11eb-b767-3f1a8f1211ba,1,Temperatura Medidor,9ec94d20-8f8f-11eb-b767-3f1a8f1211ba,temp,c,22.100000381469727
2021-03-30T13:08:21.635Z,66ea97c0-814c-11eb-b767-3f1a8f1211ba,3,Potenciometro,681e2140-8f9b-11eb-a2e4-b32ea624e442,analog_sensor,null,1004
2021-03-30T13:08:21.633Z,66ea97c0-814c-11eb-b767-3f1a8f1211ba,2,Medidor Humedad,4cb9fb30-9037-11eb-a2e4-b32ea624e442,rel_hum,p,57
2021-03-30T13:08:21.565Z,66ea97c0-814c-11eb-b767-3f1a8f1211ba,1,Temperatura Medidor,9ec94d20-8f8f-11eb-b767-3f1a8f1211ba,temp,c,22.100000381469727
2021-03-30T13:08:20.395Z,66ea97c0-814c-11eb-b767-3f1a8f1211ba,1,Temperatura Medidor,9ec94d20-8f8f-11eb-b767-3f1a8f1211ba,temp,c,22.100000381469727
2021-03-30T13:08:20.356Z,66ea97c0-814c-11eb-b767-3f1a8f1211ba,2,Medidor Humedad,4cb9fb30-9037-11eb-a2e4-b32ea624e442,rel_hum,p,56.900001525878906
2021-03-30T13:08:20.355Z,66ea97c0-814c-11eb-b767-3f1a8f1211ba,3,Potenciometro,681e2140-8f9b-11eb-a2e4-b32ea624e442,analog_sensor,null,1004
2021-03-30T13:08:19.349Z,66ea97c0-814c-11eb-b767-3f1a8f1211ba,3,Potenciometro,681e2140-8f9b-11eb-a2e4-b32ea624e442,analog_sensor,null,1004
2021-03-30T13:08:19.347Z,66ea97c0-814c-11eb-b767-3f1a8f1211ba,2,Medidor Humedad,4cb9fb30-9037-11eb-a2e4-b32ea624e442,rel_hum,p,56.900001525878906
2021-03-30T13:08:19.289Z,66ea97c0-814c-11eb-b767-3f1a8f1211ba,1,Temperatura Medidor,9ec94d20-8f8f-11eb-b767-3f1a8f1211ba,temp,c,22.100000381469727
2021-03-30T13:08:18.400Z,66ea97c0-814c-11eb-b767-3f1a8f1211ba,3,Potenciometro,681e2140-8f9b-11eb-a2e4-b32ea624e442,analog_sensor,null,1004
2021-03-30T13:08:18.067Z,66ea97c0-814c-11eb-b767-3f1a8f1211ba,2,Medidor Humedad,4cb9fb30-9037-11eb-a2e4-b32ea624e442,rel_hum,p,56.79999923706055
2021-03-30T13:08:18.065Z,66ea97c0-814c-11eb-b767-3f1a8f1211ba,1,Temperatura Medidor,9ec94d20-8f8f-11eb-b767-3f1a8f1211ba,temp,c,22.100000381469727
2021-03-30T13:08:17.992Z,66ea97c0-814c-11eb-b767-3f1a8f1211ba,0,Channel 0,2b7c5310-8f91-11eb-883c-638d8ce4c23d,,,2527
2021-03-30T13:08:17.272Z,66ea97c0-814c-11eb-b767-3f1a8f1211ba,3,Potenciometro,681e2140-8f9b-11eb-a2e4-b32ea624e442,analog_sensor,null,1003
2021-03-30T13:08:17.254Z,66ea97c0-814c-11eb-b767-3f1a8f1211ba,1,Temperatura Medidor,9ec94d20-8f8f-11eb-b767-3f1a8f1211ba,temp,c,22.100000381469727
2021-03-30T13:08:17.059Z,66ea97c0-814c-11eb-b767-3f1a8f1211ba,2,Medidor Humedad,4cb9fb30-9037-11eb-a2e4-b32ea624e442,rel_hum,p,56.79999923706055
2021-03-30T13:08:15.840Z,66ea97c0-814c-11eb-b767-3f1a8f1211ba,2,Medidor Humedad,4cb9fb30-9037-11eb-a2e4-b32ea624e442,rel_hum,p,56.79999923706055
2021-03-30T13:08:15.838Z,66ea97c0-814c-11eb-b767-3f1a8f1211ba,3,Potenciometro,681e2140-8f9b-11eb-a2e4-b32ea624e442,analog_sensor,null,1003
2021-03-30T13:08:15.818Z,66ea97c0-814c-11eb-b767-3f1a8f1211ba,1,Temperatura Medidor,9ec94d20-8f8f-11eb-b767-3f1a8f1211ba,temp,c,22.200000762939453
2021-03-30T13:08:14.830Z,66ea97c0-814c-11eb-b767-3f1a8f1211ba,3,Potenciometro,681e2140-8f9b-11eb-a2e4-b32ea624e442,analog_sensor,null,1004
2021-03-30T13:08:14.827Z,66ea97c0-814c-11eb-b767-3f1a8f1211ba,2,Medidor Humedad,4cb9fb30-9037-11eb-a2e4-b32ea624e442,rel_hum,p,56.79999923706055
2021-03-30T13:08:14.794Z,66ea97c0-814c-11eb-b767-3f1a8f1211ba,1,Temperatura Medidor,9ec94d20-8f8f-11eb-b767-3f1a8f1211ba,temp,c,22.200000762939453
2021-03-30T13:08:13.490Z,66ea97c0-814c-11eb-b767-3f1a8f1211ba,3,Potenciometro,681e2140-8f9b-11eb-a2e4-b32ea624e442,analog_sensor,null,1004
2021-03-30T13:08:13.489Z,66ea97c0-814c-11eb-b767-3f1a8f1211ba,2,Medidor Humedad,4cb9fb30-9037-11eb-a2e4-b32ea624e442,rel_hum,p,56.70000076293945
2021-03-30T13:08:13.417Z,66ea97c0-814c-11eb-b767-3f1a8f1211ba,1,Temperatura Medidor,9ec94d20-8f8f-11eb-b767-3f1a8f1211ba,temp,c,22.100000381469727
2021-03-30T13:08:12.524Z,66ea97c0-814c-11eb-b767-3f1a8f1211ba,2,Medidor Humedad,4cb9fb30-9037-11eb-a2e4-b32ea624e442,rel_hum,p,56.70000076293945
2021-03-30T13:08:12.486Z,66ea97c0-814c-11eb-b767-3f1a8f1211ba,3,Potenciometro,681e2140-8f9b-11eb-a2e4-b32ea624e442,analog_sensor,null,1004
2021-03-30T13:08:12.410Z,66ea97c0-814c-11eb-b767-3f1a8f1211ba,1,Temperatura Medidor,9ec94d20-8f8f-11eb-b767-3f1a8f1211ba,temp,c,22.100000381469727
2021-03-30T13:08:11.208Z,66ea97c0-814c-11eb-b767-3f1a8f1211ba,3,Potenciometro,681e2140-8f9b-11eb-a2e4-b32ea624e442,analog_sensor,null,1004
2021-03-30T13:08:11.206Z,66ea97c0-814c-11eb-b767-3f1a8f1211ba,2,Medidor Humedad,4cb9fb30-9037-11eb-a2e4-b32ea624e442,rel_hum,p,56.79999923706055
2021-03-30T13:08:11.144Z,66ea97c0-814c-11eb-b767-3f1a8f1211ba,1,Temperatura Medidor,9ec94d20-8f8f-11eb-b767-3f1a8f1211ba,temp,c,22.200000762939453
2021-03-30T13:08:10.606Z,66ea97c0-814c-11eb-b767-3f1a8f1211ba,3,Potenciometro,681e2140-8f9b-11eb-a2e4-b32ea624e442,analog_sensor,null,1003
2021-03-30T13:08:10.198Z,66ea97c0-814c-11eb-b767-3f1a8f1211ba,2,Medidor Humedad,4cb9fb30-9037-11eb-a2e4-b32ea624e442,rel_hum,p,56.79999923706055
2021-03-30T13:08:10.145Z,66ea97c0-814c-11eb-b767-3f1a8f1211ba,1,Temperatura Medidor,9ec94d20-8f8f-11eb-b767-3f1a8f1211ba,temp,c,22.200000762939453
2021-03-30T13:08:08.950Z,66ea97c0-814c-11eb-b767-3f1a8f1211ba,2,Medidor Humedad,4cb9fb30-9037-11eb-a2e4-b32ea624e442,rel_hum,p,56.900001525878906
2021-03-30T13:08:08.920Z,66ea97c0-814c-11eb-b767-3f1a8f1211ba,3,Potenciometro,681e2140-8f9b-11eb-a2e4-b32ea624e442,analog_sensor,null,1004
2021-03-30T13:08:08.845Z,66ea97c0-814c-11eb-b767-3f1a8f1211ba,1,Temperatura Medidor,9ec94d20-8f8f-11eb-b767-3f1a8f1211ba,temp,c,22.100000381469727
2021-03-30T13:08:08.118Z,66ea97c0-814c-11eb-b767-3f1a8f1211ba,3,Potenciometro,681e2140-8f9b-11eb-a2e4-b32ea624e442,analog_sensor,null,1004
2021-03-30T13:08:07.931Z,66ea97c0-814c-11eb-b767-3f1a8f1211ba,2,Medidor Humedad,4cb9fb30-9037-11eb-a2e4-b32ea624e442,rel_hum,p,56.900001525878906
2021-03-30T13:08:07.845Z,66ea97c0-814c-11eb-b767-3f1a8f1211ba,1,Temperatura Medidor,9ec94d20-8f8f-11eb-b767-3f1a8f1211ba,temp,c,22.100000381469727
2021-03-30T13:08:06.771Z,66ea97c0-814c-11eb-b767-3f1a8f1211ba,2,Medidor Humedad,4cb9fb30-9037-11eb-a2e4-b32ea624e442,rel_hum,p,57.099998474121094
2021-03-30T13:08:06.632Z,66ea97c0-814c-11eb-b767-3f1a8f1211ba,3,Potenciometro,681e2140-8f9b-11eb-a2e4-b32ea624e442,analog_sensor,null,1004
2021-03-30T13:08:06.559Z,66ea97c0-814c-11eb-b767-3f1a8f1211ba,1,Temperatura Medidor,9ec94d20-8f8f-11eb-b767-3f1a8f1211ba,temp,c,22.100000381469727
2021-03-30T13:08:05.628Z,66ea97c0-814c-11eb-b767-3f1a8f1211ba,2,Medidor Humedad,4cb9fb30-9037-11eb-a2e4-b32ea624e442,rel_hum,p,57.099998474121094
2021-03-30T13:08:05.627Z,66ea97c0-814c-11eb-b767-3f1a8f1211ba,3,Potenciometro,681e2140-8f9b-11eb-a2e4-b32ea624e442,analog_sensor,null,1004
2021-03-30T13:08:05.557Z,66ea97c0-814c-11eb-b767-3f1a8f1211ba,1,Temperatura Medidor,9ec94d20-8f8f-11eb-b767-3f1a8f1211ba,temp,c,22.100000381469727
2021-03-30T13:08:04.378Z,66ea97c0-814c-11eb-b767-3f1a8f1211ba,2,Medidor Humedad,4cb9fb30-9037-11eb-a2e4-b32ea624e442,rel_hum,p,57.099998474121094
2021-03-30T13:08:04.351Z,66ea97c0-814c-11eb-b767-3f1a8f1211ba,3,Potenciometro,681e2140-8f9b-11eb-a2e4-b32ea624e442,analog_sensor,null,1004
2021-03-30T13:08:04.271Z,66ea97c0-814c-11eb-b767-3f1a8f1211ba,1,Temperatura Medidor,9ec94d20-8f8f-11eb-b767-3f1a8f1211ba,temp,c,22.100000381469727
2021-03-30T13:08:03.784Z,66ea97c0-814c-11eb-b767-3f1a8f1211ba,3,Potenciometro,681e2140-8f9b-11eb-a2e4-b32ea624e442,analog_sensor,null,1004
2021-03-30T13:08:03.342Z,66ea97c0-814c-11eb-b767-3f1a8f1211ba,2,Medidor Humedad,4cb9fb30-9037-11eb-a2e4-b32ea624e442,rel_hum,p,57.099998474121094
2021-03-30T13:08:03.268Z,66ea97c0-814c-11eb-b767-3f1a8f1211ba,1,Temperatura Medidor,9ec94d20-8f8f-11eb-b767-3f1a8f1211ba,temp,c,22.100000381469727
2021-03-30T13:08:02.349Z,66ea97c0-814c-11eb-b767-3f1a8f1211ba,0,Channel 0,2b7c5310-8f91-11eb-883c-638d8ce4c23d,,,2511
2021-03-30T13:08:02.091Z,66ea97c0-814c-11eb-b767-3f1a8f1211ba,2,Medidor Humedad,4cb9fb30-9037-11eb-a2e4-b32ea624e442,rel_hum,p,57.099998474121094
2021-03-30T13:08:02.074Z,66ea97c0-814c-11eb-b767-3f1a8f1211ba,3,Potenciometro,681e2140-8f9b-11eb-a2e4-b32ea624e442,analog_sensor,null,1004
2021-03-30T13:08:02.073Z,66ea97c0-814c-11eb-b767-3f1a8f1211ba,1,Temperatura Medidor,9ec94d20-8f8f-11eb-b767-3f1a8f1211ba,temp,c,22.100000381469727
2021-03-30T13:08:01.097Z,66ea97c0-814c-11eb-b767-3f1a8f1211ba,2,Medidor Humedad,4cb9fb30-9037-11eb-a2e4-b32ea624e442,rel_hum,p,57.099998474121094
2021-03-30T13:08:01.053Z,66ea97c0-814c-11eb-b767-3f1a8f1211ba,3,Potenciometro,681e2140-8f9b-11eb-a2e4-b32ea624e442,analog_sensor,null,1004
2021-03-30T13:08:00.977Z,66ea97c0-814c-11eb-b767-3f1a8f1211ba,1,Temperatura Medidor,9ec94d20-8f8f-11eb-b767-3f1a8f1211ba,temp,c,22.100000381469727
2021-03-30T13:07:22.167Z,66ea97c0-814c-11eb-b767-3f1a8f1211ba,2,Medidor Humedad,4cb9fb30-9037-11eb-a2e4-b32ea624e442,rel_hum,p,55.599998474121094
2021-03-30T13:07:22.092Z,66ea97c0-814c-11eb-b767-3f1a8f1211ba,1,Temperatura Medidor,9ec94d20-8f8f-11eb-b767-3f1a8f1211ba,temp,c,22.200000762939453
2021-03-30T13:07:20.889Z,66ea97c0-814c-11eb-b767-3f1a8f1211ba,3,Potenciometro,681e2140-8f9b-11eb-a2e4-b32ea624e442,analog_sensor,null,1004
2021-03-30T13:07:20.884Z,66ea97c0-814c-11eb-b767-3f1a8f1211ba,2,Medidor Humedad,4cb9fb30-9037-11eb-a2e4-b32ea624e442,rel_hum,p,55.20000076293945
2021-03-30T13:07:20.812Z,66ea97c0-814c-11eb-b767-3f1a8f1211ba,1,Temperatura Medidor,9ec94d20-8f8f-11eb-b767-3f1a8f1211ba,temp,c,22.200000762939453
2021-03-30T13:07:19.944Z,66ea97c0-814c-11eb-b767-3f1a8f1211ba,3,Potenciometro,681e2140-8f9b-11eb-a2e4-b32ea624e442,analog_sensor,null,1003
2021-03-30T13:07:19.887Z,66ea97c0-814c-11eb-b767-3f1a8f1211ba,2,Medidor Humedad,4cb9fb30-9037-11eb-a2e4-b32ea624e442,rel_hum,p,55.20000076293945
2021-03-30T13:07:19.808Z,66ea97c0-814c-11eb-b767-3f1a8f1211ba,1,Temperatura Medidor,9ec94d20-8f8f-11eb-b767-3f1a8f1211ba,temp,c,22.200000762939453
2021-03-30T13:07:18.692Z,66ea97c0-814c-11eb-b767-3f1a8f1211ba,3,Potenciometro,681e2140-8f9b-11eb-a2e4-b32ea624e442,analog_sensor,null,1004
2021-03-30T13:07:18.599Z,66ea97c0-814c-11eb-b767-3f1a8f1211ba,2,Medidor Humedad,4cb9fb30-9037-11eb-a2e4-b32ea624e442,rel_hum,p,55.099998474121094
2021-03-30T13:07:18.525Z,66ea97c0-814c-11eb-b767-3f1a8f1211ba,1,Temperatura Medidor,9ec94d20-8f8f-11eb-b767-3f1a8f1211ba,temp,c,22.200000762939453
2021-03-30T13:07:17.606Z,66ea97c0-814c-11eb-b767-3f1a8f1211ba,3,Potenciometro,681e2140-8f9b-11eb-a2e4-b32ea624e442,analog_sensor,null,1003
2021-03-30T13:07:17.603Z,66ea97c0-814c-11eb-b767-3f1a8f1211ba,2,Medidor Humedad,4cb9fb30-9037-11eb-a2e4-b32ea624e442,rel_hum,p,55.099998474121094
2021-03-30T13:07:17.519Z,66ea97c0-814c-11eb-b767-3f1a8f1211ba,1,Temperatura Medidor,9ec94d20-8f8f-11eb-b767-3f1a8f1211ba,temp,c,22.200000762939453
2021-03-30T13:07:16.608Z,66ea97c0-814c-11eb-b767-3f1a8f1211ba,3,Potenciometro,681e2140-8f9b-11eb-a2e4-b32ea624e442,analog_sensor,null,1004
2021-03-30T13:07:16.430Z,66ea97c0-814c-11eb-b767-3f1a8f1211ba,2,Medidor Humedad,4cb9fb30-9037-11eb-a2e4-b32ea624e442,rel_hum,p,55.5
2021-03-30T13:07:16.244Z,66ea97c0-814c-11eb-b767-3f1a8f1211ba,1,Temperatura Medidor,9ec94d20-8f8f-11eb-b767-3f1a8f1211ba,temp,c,22.200000762939453
2021-03-30T13:07:15.532Z,66ea97c0-814c-11eb-b767-3f1a8f1211ba,2,Medidor Humedad,4cb9fb30-9037-11eb-a2e4-b32ea624e442,rel_hum,p,55.5
2021-03-30T13:07:15.304Z,66ea97c0-814c-11eb-b767-3f1a8f1211ba,3,Potenciometro,681e2140-8f9b-11eb-a2e4-b32ea624e442,analog_sensor,null,1003
2021-03-30T13:07:15.272Z,66ea97c0-814c-11eb-b767-3f1a8f1211ba,1,Temperatura Medidor,9ec94d20-8f8f-11eb-b767-3f1a8f1211ba,temp,c,22.200000762939453
2021-03-30T13:07:14.311Z,66ea97c0-814c-11eb-b767-3f1a8f1211ba,0,Channel 0,2b7c5310-8f91-11eb-883c-638d8ce4c23d,,,2463
2021-03-30T13:07:14.042Z,66ea97c0-814c-11eb-b767-3f1a8f1211ba,3,Potenciometro,681e2140-8f9b-11eb-a2e4-b32ea624e442,analog_sensor,null,1003
2021-03-30T13:07:14.034Z,66ea97c0-814c-11eb-b767-3f1a8f1211ba,2,Medidor Humedad,4cb9fb30-9037-11eb-a2e4-b32ea624e442,rel_hum,p,55.5
2021-03-30T13:07:14.030Z,66ea97c0-814c-11eb-b767-3f1a8f1211ba,1,Temperatura Medidor,9ec94d20-8f8f-11eb-b767-3f1a8f1211ba,temp,c,22.200000762939453
2021-03-30T13:07:13.498Z,66ea97c0-814c-11eb-b767-3f1a8f1211ba,3,Potenciometro,681e2140-8f9b-11eb-a2e4-b32ea624e442,analog_sensor,null,1003
2021-03-30T13:07:13.055Z,66ea97c0-814c-11eb-b767-3f1a8f1211ba,1,Temperatura Medidor,9ec94d20-8f8f-11eb-b767-3f1a8f1211ba,temp,c,22.200000762939453
2021-03-30T13:07:13.019Z,66ea97c0-814c-11eb-b767-3f1a8f1211ba,2,Medidor Humedad,4cb9fb30-9037-11eb-a2e4-b32ea624e442,rel_hum,p,55.5
2021-03-30T13:07:12.226Z,66ea97c0-814c-11eb-b767-3f1a8f1211ba,2,Medidor Humedad,4cb9fb30-9037-11eb-a2e4-b32ea624e442,rel_hum,p,55.20000076293945
2021-03-30T13:07:11.760Z,66ea97c0-814c-11eb-b767-3f1a8f1211ba,3,Potenciometro,681e2140-8f9b-11eb-a2e4-b32ea624e442,analog_sensor,null,1004
2021-03-30T13:07:11.664Z,66ea97c0-814c-11eb-b767-3f1a8f1211ba,1,Temperatura Medidor,9ec94d20-8f8f-11eb-b767-3f1a8f1211ba,temp,c,22.200000762939453
2021-03-30T13:07:11.264Z,66ea97c0-814c-11eb-b767-3f1a8f1211ba,2,Medidor Humedad,4cb9fb30-9037-11eb-a2e4-b32ea624e442,rel_hum,p,55.20000076293945
2021-03-30T13:07:10.813Z,66ea97c0-814c-11eb-b767-3f1a8f1211ba,3,Potenciometro,681e2140-8f9b-11eb-a2e4-b32ea624e442,analog_sensor,null,1004
2021-03-30T13:07:10.726Z,66ea97c0-814c-11eb-b767-3f1a8f1211ba,1,Temperatura Medidor,9ec94d20-8f8f-11eb-b767-3f1a8f1211ba,temp,c,22.200000762939453
2021-03-30T13:07:09.606Z,66ea97c0-814c-11eb-b767-3f1a8f1211ba,3,Potenciometro,681e2140-8f9b-11eb-a2e4-b32ea624e442,analog_sensor,null,1003
2021-03-30T13:07:09.454Z,66ea97c0-814c-11eb-b767-3f1a8f1211ba,2,Medidor Humedad,4cb9fb30-9037-11eb-a2e4-b32ea624e442,rel_hum,p,54.5
2021-03-30T13:07:09.382Z,66ea97c0-814c-11eb-b767-3f1a8f1211ba,1,Temperatura Medidor,9ec94d20-8f8f-11eb-b767-3f1a8f1211ba,temp,c,22.200000762939453
2021-03-30T13:07:08.643Z,66ea97c0-814c-11eb-b767-3f1a8f1211ba,3,Potenciometro,681e2140-8f9b-11eb-a2e4-b32ea624e442,analog_sensor,null,1004
2021-03-30T13:07:08.501Z,66ea97c0-814c-11eb-b767-3f1a8f1211ba,2,Medidor Humedad,4cb9fb30-9037-11eb-a2e4-b32ea624e442,rel_hum,p,54.5
2021-03-30T13:07:08.380Z,66ea97c0-814c-11eb-b767-3f1a8f1211ba,1,Temperatura Medidor,9ec94d20-8f8f-11eb-b767-3f1a8f1211ba,temp,c,22.200000762939453
2021-03-30T13:07:07.257Z,66ea97c0-814c-11eb-b767-3f1a8f1211ba,2,Medidor Humedad,4cb9fb30-9037-11eb-a2e4-b32ea624e442,rel_hum,p,54.400001525878906
2021-03-30T13:07:07.165Z,66ea97c0-814c-11eb-b767-3f1a8f1211ba,3,Potenciometro,681e2140-8f9b-11eb-a2e4-b32ea624e442,analog_sensor,null,1004
2021-03-30T13:07:07.095Z,66ea97c0-814c-11eb-b767-3f1a8f1211ba,1,Temperatura Medidor,9ec94d20-8f8f-11eb-b767-3f1a8f1211ba,temp,c,22.200000762939453
2021-03-30T13:07:06.229Z,66ea97c0-814c-11eb-b767-3f1a8f1211ba,3,Potenciometro,681e2140-8f9b-11eb-a2e4-b32ea624e442,analog_sensor,null,1003
2021-03-30T13:07:06.156Z,66ea97c0-814c-11eb-b767-3f1a8f1211ba,2,Medidor Humedad,4cb9fb30-9037-11eb-a2e4-b32ea624e442,rel_hum,p,54.400001525878906
2021-03-30T13:07:06.099Z,66ea97c0-814c-11eb-b767-3f1a8f1211ba,1,Temperatura Medidor,9ec94d20-8f8f-11eb-b767-3f1a8f1211ba,temp,c,22.200000762939453
2021-03-30T13:07:04.998Z,66ea97c0-814c-11eb-b767-3f1a8f1211ba,3,Potenciometro,681e2140-8f9b-11eb-a2e4-b32ea624e442,analog_sensor,null,1004
2021-03-30T13:07:04.886Z,66ea97c0-814c-11eb-b767-3f1a8f1211ba,2,Medidor Humedad,4cb9fb30-9037-11eb-a2e4-b32ea624e442,rel_hum,p,54.5
2021-03-30T13:07:04.802Z,66ea97c0-814c-11eb-b767-3f1a8f1211ba,1,Temperatura Medidor,9ec94d20-8f8f-11eb-b767-3f1a8f1211ba,temp,c,22.200000762939453
2021-03-30T13:07:03.871Z,66ea97c0-814c-11eb-b767-3f1a8f1211ba,3,Potenciometro,681e2140-8f9b-11eb-a2e4-b32ea624e442,analog_sensor,null,1003
2021-03-30T13:07:03.869Z,66ea97c0-814c-11eb-b767-3f1a8f1211ba,2,Medidor Humedad,4cb9fb30-9037-11eb-a2e4-b32ea624e442,rel_hum,p,54.5
2021-03-30T13:07:03.797Z,66ea97c0-814c-11eb-b767-3f1a8f1211ba,1,Temperatura Medidor,9ec94d20-8f8f-11eb-b767-3f1a8f1211ba,temp,c,22.200000762939453
2021-03-30T13:07:02.595Z,66ea97c0-814c-11eb-b767-3f1a8f1211ba,2,Medidor Humedad,4cb9fb30-9037-11eb-a2e4-b32ea624e442,rel_hum,p,54.599998474121094
2021-03-30T13:07:02.592Z,66ea97c0-814c-11eb-b767-3f1a8f1211ba,3,Potenciometro,681e2140-8f9b-11eb-a2e4-b32ea624e442,analog_sensor,null,1004
2021-03-30T13:07:02.521Z,66ea97c0-814c-11eb-b767-3f1a8f1211ba,1,Temperatura Medidor,9ec94d20-8f8f-11eb-b767-3f1a8f1211ba,temp,c,22.200000762939453
2021-03-30T13:07:01.681Z,66ea97c0-814c-11eb-b767-3f1a8f1211ba,2,Medidor Humedad,4cb9fb30-9037-11eb-a2e4-b32ea624e442,rel_hum,p,54.599998474121094
2021-03-30T13:07:01.600Z,66ea97c0-814c-11eb-b767-3f1a8f1211ba,1,Temperatura Medidor,9ec94d20-8f8f-11eb-b767-3f1a8f1211ba,temp,c,22.200000762939453
2021-03-30T13:07:01.586Z,66ea97c0-814c-11eb-b767-3f1a8f1211ba,3,Potenciometro,681e2140-8f9b-11eb-a2e4-b32ea624e442,analog_sensor,null,1003
2021-03-30T13:07:00.307Z,66ea97c0-814c-11eb-b767-3f1a8f1211ba,2,Medidor Humedad,4cb9fb30-9037-11eb-a2e4-b32ea624e442,rel_hum,p,54.5
2021-03-30T13:07:00.305Z,66ea97c0-814c-11eb-b767-3f1a8f1211ba,3,Potenciometro,681e2140-8f9b-11eb-a2e4-b32ea624e442,analog_sensor,null,988
2021-03-30T13:07:00.231Z,66ea97c0-814c-11eb-b767-3f1a8f1211ba,1,Temperatura Medidor,9ec94d20-8f8f-11eb-b767-3f1a8f1211ba,temp,c,22.200000762939453
2021-03-30T13:06:21.515Z,66ea97c0-814c-11eb-b767-3f1a8f1211ba,2,Medidor Humedad,4cb9fb30-9037-11eb-a2e4-b32ea624e442,rel_hum,p,52.20000076293945
2021-03-30T13:06:21.402Z,66ea97c0-814c-11eb-b767-3f1a8f1211ba,1,Temperatura Medidor,9ec94d20-8f8f-11eb-b767-3f1a8f1211ba,temp,c,22.100000381469727
2021-03-30T13:06:21.255Z,66ea97c0-814c-11eb-b767-3f1a8f1211ba,2,Medidor Humedad,4cb9fb30-9037-11eb-a2e4-b32ea624e442,,,
2021-03-30T13:06:20.339Z,66ea97c0-814c-11eb-b767-3f1a8f1211ba,3,Potenciometro,681e2140-8f9b-11eb-a2e4-b32ea624e442,analog_sensor,null,283
2021-03-30T13:06:20.337Z,66ea97c0-814c-11eb-b767-3f1a8f1211ba,2,Medidor Humedad,4cb9fb30-9037-11eb-a2e4-b32ea624e442,rel_hum,p,52.20000076293945
2021-03-30T13:06:20.223Z,66ea97c0-814c-11eb-b767-3f1a8f1211ba,1,Temperatura Medidor,9ec94d20-8f8f-11eb-b767-3f1a8f1211ba,temp,c,22.100000381469727
2021-03-30T13:06:19.791Z,66ea97c0-814c-11eb-b767-3f1a8f1211ba,1,Temperatura Medidor,9ec94d20-8f8f-11eb-b767-3f1a8f1211ba,,,
2021-03-30T13:06:19.109Z,66ea97c0-814c-11eb-b767-3f1a8f1211ba,3,Potenciometro,681e2140-8f9b-11eb-a2e4-b32ea624e442,analog_sensor,null,289
2021-03-30T13:06:18.960Z,66ea97c0-814c-11eb-b767-3f1a8f1211ba,2,Medidor Humedad,4cb9fb30-9037-11eb-a2e4-b32ea624e442,rel_hum,p,52.099998474121094
2021-03-30T13:06:18.906Z,66ea97c0-814c-11eb-b767-3f1a8f1211ba,1,Temperatura Medidor,9ec94d20-8f8f-11eb-b767-3f1a8f1211ba,temp,c,22.100000381469727
2021-03-30T13:06:17.992Z,66ea97c0-814c-11eb-b767-3f1a8f1211ba,3,Potenciometro,681e2140-8f9b-11eb-a2e4-b32ea624e442,analog_sensor,null,289
2021-03-30T13:06:17.991Z,66ea97c0-814c-11eb-b767-3f1a8f1211ba,2,Medidor Humedad,4cb9fb30-9037-11eb-a2e4-b32ea624e442,rel_hum,p,52.099998474121094
2021-03-30T13:06:17.875Z,66ea97c0-814c-11eb-b767-3f1a8f1211ba,1,Temperatura Medidor,9ec94d20-8f8f-11eb-b767-3f1a8f1211ba,temp,c,22.100000381469727
2021-03-30T13:06:17.122Z,66ea97c0-814c-11eb-b767-3f1a8f1211ba,2,Medidor Humedad,4cb9fb30-9037-11eb-a2e4-b32ea624e442,,,1
2021-03-30T13:06:16.669Z,66ea97c0-814c-11eb-b767-3f1a8f1211ba,3,Potenciometro,681e2140-8f9b-11eb-a2e4-b32ea624e442,analog_sensor,null,283
2021-03-30T13:06:15.801Z,66ea97c0-814c-11eb-b767-3f1a8f1211ba,3,Potenciometro,681e2140-8f9b-11eb-a2e4-b32ea624e442,analog_sensor,null,280
2021-03-30T13:06:14.368Z,66ea97c0-814c-11eb-b767-3f1a8f1211ba,3,Potenciometro,681e2140-8f9b-11eb-a2e4-b32ea624e442,analog_sensor,null,283
2021-03-30T13:06:14.363Z,66ea97c0-814c-11eb-b767-3f1a8f1211ba,2,Medidor Humedad,4cb9fb30-9037-11eb-a2e4-b32ea624e442,rel_hum,p,51.5
2021-03-30T13:06:14.290Z,66ea97c0-814c-11eb-b767-3f1a8f1211ba,1,Temperatura Medidor,9ec94d20-8f8f-11eb-b767-3f1a8f1211ba,temp,c,22.100000381469727
2021-03-30T13:06:13.362Z,66ea97c0-814c-11eb-b767-3f1a8f1211ba,2,Medidor Humedad,4cb9fb30-9037-11eb-a2e4-b32ea624e442,rel_hum,p,51.5
2021-03-30T13:06:13.360Z,66ea97c0-814c-11eb-b767-3f1a8f1211ba,3,Potenciometro,681e2140-8f9b-11eb-a2e4-b32ea624e442,analog_sensor,null,284
2021-03-30T13:06:13.300Z,66ea97c0-814c-11eb-b767-3f1a8f1211ba,1,Temperatura Medidor,9ec94d20-8f8f-11eb-b767-3f1a8f1211ba,temp,c,22.100000381469727
2021-03-30T13:06:12.095Z,66ea97c0-814c-11eb-b767-3f1a8f1211ba,3,Potenciometro,681e2140-8f9b-11eb-a2e4-b32ea624e442,analog_sensor,null,284
2021-03-30T13:06:12.072Z,66ea97c0-814c-11eb-b767-3f1a8f1211ba,2,Medidor Humedad,4cb9fb30-9037-11eb-a2e4-b32ea624e442,rel_hum,p,51.400001525878906
2021-03-30T13:06:12.071Z,66ea97c0-814c-11eb-b767-3f1a8f1211ba,1,Temperatura Medidor,9ec94d20-8f8f-11eb-b767-3f1a8f1211ba,temp,c,22.100000381469727
2021-03-30T13:06:11.209Z,66ea97c0-814c-11eb-b767-3f1a8f1211ba,2,Medidor Humedad,4cb9fb30-9037-11eb-a2e4-b32ea624e442,rel_hum,p,51.400001525878906
2021-03-30T13:06:11.057Z,66ea97c0-814c-11eb-b767-3f1a8f1211ba,3,Potenciometro,681e2140-8f9b-11eb-a2e4-b32ea624e442,analog_sensor,null,286
2021-03-30T13:06:11.011Z,66ea97c0-814c-11eb-b767-3f1a8f1211ba,1,Temperatura Medidor,9ec94d20-8f8f-11eb-b767-3f1a8f1211ba,temp,c,22.100000381469727
2021-03-30T13:06:09.771Z,66ea97c0-814c-11eb-b767-3f1a8f1211ba,3,Potenciometro,681e2140-8f9b-11eb-a2e4-b32ea624e442,analog_sensor,null,284
2021-03-30T13:06:09.770Z,66ea97c0-814c-11eb-b767-3f1a8f1211ba,2,Medidor Humedad,4cb9fb30-9037-11eb-a2e4-b32ea624e442,rel_hum,p,51.29999923706055
2021-03-30T13:06:09.767Z,66ea97c0-814c-11eb-b767-3f1a8f1211ba,1,Temperatura Medidor,9ec94d20-8f8f-11eb-b767-3f1a8f1211ba,temp,c,22.100000381469727
2021-03-30T13:06:09.764Z,66ea97c0-814c-11eb-b767-3f1a8f1211ba,0,Channel 0,2b7c5310-8f91-11eb-883c-638d8ce4c23d,,,2399
2021-03-30T13:06:08.765Z,66ea97c0-814c-11eb-b767-3f1a8f1211ba,3,Potenciometro,681e2140-8f9b-11eb-a2e4-b32ea624e442,analog_sensor,null,284
2021-03-30T13:06:08.764Z,66ea97c0-814c-11eb-b767-3f1a8f1211ba,2,Medidor Humedad,4cb9fb30-9037-11eb-a2e4-b32ea624e442,rel_hum,p,51.29999923706055
2021-03-30T13:06:08.694Z,66ea97c0-814c-11eb-b767-3f1a8f1211ba,1,Temperatura Medidor,9ec94d20-8f8f-11eb-b767-3f1a8f1211ba,temp,c,22.100000381469727
2021-03-30T13:06:07.484Z,66ea97c0-814c-11eb-b767-3f1a8f1211ba,2,Medidor Humedad,4cb9fb30-9037-11eb-a2e4-b32ea624e442,rel_hum,p,51.29999923706055
2021-03-30T13:06:07.475Z,66ea97c0-814c-11eb-b767-3f1a8f1211ba,3,Potenciometro,681e2140-8f9b-11eb-a2e4-b32ea624e442,analog_sensor,null,283
2021-03-30T13:06:07.416Z,66ea97c0-814c-11eb-b767-3f1a8f1211ba,1,Temperatura Medidor,9ec94d20-8f8f-11eb-b767-3f1a8f1211ba,temp,c,22.100000381469727
2021-03-30T13:06:06.463Z,66ea97c0-814c-11eb-b767-3f1a8f1211ba,3,Potenciometro,681e2140-8f9b-11eb-a2e4-b32ea624e442,analog_sensor,null,285
2021-03-30T13:06:06.462Z,66ea97c0-814c-11eb-b767-3f1a8f1211ba,2,Medidor Humedad,4cb9fb30-9037-11eb-a2e4-b32ea624e442,rel_hum,p,51.29999923706055
2021-03-30T13:06:06.386Z,66ea97c0-814c-11eb-b767-3f1a8f1211ba,1,Temperatura Medidor,9ec94d20-8f8f-11eb-b767-3f1a8f1211ba,temp,c,22.100000381469727
2021-03-30T13:06:05.254Z,66ea97c0-814c-11eb-b767-3f1a8f1211ba,3,Potenciometro,681e2140-8f9b-11eb-a2e4-b32ea624e442,analog_sensor,null,284
2021-03-30T13:06:05.248Z,66ea97c0-814c-11eb-b767-3f1a8f1211ba,1,Temperatura Medidor,9ec94d20-8f8f-11eb-b767-3f1a8f1211ba,temp,c,22.100000381469727
2021-03-30T13:06:05.240Z,66ea97c0-814c-11eb-b767-3f1a8f1211ba,2,Medidor Humedad,4cb9fb30-9037-11eb-a2e4-b32ea624e442,rel_hum,p,51.20000076293945
2021-03-30T13:06:04.238Z,66ea97c0-814c-11eb-b767-3f1a8f1211ba,1,Temperatura Medidor,9ec94d20-8f8f-11eb-b767-3f1a8f1211ba,temp,c,22.100000381469727
2021-03-30T13:06:04.162Z,66ea97c0-814c-11eb-b767-3f1a8f1211ba,3,Potenciometro,681e2140-8f9b-11eb-a2e4-b32ea624e442,analog_sensor,null,284
2021-03-30T13:06:04.159Z,66ea97c0-814c-11eb-b767-3f1a8f1211ba,2,Medidor Humedad,4cb9fb30-9037-11eb-a2e4-b32ea624e442,rel_hum,p,51.20000076293945
2021-03-30T13:06:02.890Z,66ea97c0-814c-11eb-b767-3f1a8f1211ba,1,Temperatura Medidor,9ec94d20-8f8f-11eb-b767-3f1a8f1211ba,temp,c,22.100000381469727
2021-03-30T13:06:02.872Z,66ea97c0-814c-11eb-b767-3f1a8f1211ba,2,Medidor Humedad,4cb9fb30-9037-11eb-a2e4-b32ea624e442,rel_hum,p,51
2021-03-30T13:06:02.871Z,66ea97c0-814c-11eb-b767-3f1a8f1211ba,3,Potenciometro,681e2140-8f9b-11eb-a2e4-b32ea624e442,analog_sensor,null,283
2021-03-30T13:06:02.005Z,66ea97c0-814c-11eb-b767-3f1a8f1211ba,3,Potenciometro,681e2140-8f9b-11eb-a2e4-b32ea624e442,analog_sensor,null,284
2021-03-30T13:06:01.948Z,66ea97c0-814c-11eb-b767-3f1a8f1211ba,2,Medidor Humedad,4cb9fb30-9037-11eb-a2e4-b32ea624e442,rel_hum,p,51
2021-03-30T13:06:01.790Z,66ea97c0-814c-11eb-b767-3f1a8f1211ba,1,Temperatura Medidor,9ec94d20-8f8f-11eb-b767-3f1a8f1211ba,temp,c,22.100000381469727
2021-03-30T13:06:00.632Z,66ea97c0-814c-11eb-b767-3f1a8f1211ba,2,Medidor Humedad,4cb9fb30-9037-11eb-a2e4-b32ea624e442,rel_hum,p,50.900001525878906
2021-03-30T13:06:00.577Z,66ea97c0-814c-11eb-b767-3f1a8f1211ba,3,Potenciometro,681e2140-8f9b-11eb-a2e4-b32ea624e442,analog_sensor,null,283
2021-03-30T13:06:00.500Z,66ea97c0-814c-11eb-b767-3f1a8f1211ba,1,Temperatura Medidor,9ec94d20-8f8f-11eb-b767-3f1a8f1211ba,temp,c,22.100000381469727
2021-03-30T13:05:22.724Z,66ea97c0-814c-11eb-b767-3f1a8f1211ba,1,Temperatura Medidor,9ec94d20-8f8f-11eb-b767-3f1a8f1211ba,temp,c,22.200000762939453
2021-03-30T13:05:21.582Z,66ea97c0-814c-11eb-b767-3f1a8f1211ba,0,Channel 0,2b7c5310-8f91-11eb-883c-638d8ce4c23d,,,2350
2021-03-30T13:05:21.513Z,66ea97c0-814c-11eb-b767-3f1a8f1211ba,3,Potenciometro,681e2140-8f9b-11eb-a2e4-b32ea624e442,analog_sensor,null,284
2021-03-30T13:05:21.512Z,66ea97c0-814c-11eb-b767-3f1a8f1211ba,1,Temperatura Medidor,9ec94d20-8f8f-11eb-b767-3f1a8f1211ba,temp,c,22.200000762939453
2021-03-30T13:05:21.511Z,66ea97c0-814c-11eb-b767-3f1a8f1211ba,2,Medidor Humedad,4cb9fb30-9037-11eb-a2e4-b32ea624e442,rel_hum,p,48.5
2021-03-30T13:05:20.493Z,66ea97c0-814c-11eb-b767-3f1a8f1211ba,2,Medidor Humedad,4cb9fb30-9037-11eb-a2e4-b32ea624e442,rel_hum,p,48.5
2021-03-30T13:05:20.491Z,66ea97c0-814c-11eb-b767-3f1a8f1211ba,3,Potenciometro,681e2140-8f9b-11eb-a2e4-b32ea624e442,analog_sensor,null,278
2021-03-30T13:05:20.420Z,66ea97c0-814c-11eb-b767-3f1a8f1211ba,1,Temperatura Medidor,9ec94d20-8f8f-11eb-b767-3f1a8f1211ba,temp,c,22.200000762939453
2021-03-30T13:05:19.361Z,66ea97c0-814c-11eb-b767-3f1a8f1211ba,2,Medidor Humedad,4cb9fb30-9037-11eb-a2e4-b32ea624e442,rel_hum,p,48.599998474121094
2021-03-30T13:05:19.283Z,66ea97c0-814c-11eb-b767-3f1a8f1211ba,1,Temperatura Medidor,9ec94d20-8f8f-11eb-b767-3f1a8f1211ba,temp,c,22.200000762939453
2021-03-30T13:05:19.210Z,66ea97c0-814c-11eb-b767-3f1a8f1211ba,3,Potenciometro,681e2140-8f9b-11eb-a2e4-b32ea624e442,analog_sensor,null,284
2021-03-30T13:05:18.200Z,66ea97c0-814c-11eb-b767-3f1a8f1211ba,2,Medidor Humedad,4cb9fb30-9037-11eb-a2e4-b32ea624e442,rel_hum,p,48.599998474121094
2021-03-30T13:05:18.199Z,66ea97c0-814c-11eb-b767-3f1a8f1211ba,3,Potenciometro,681e2140-8f9b-11eb-a2e4-b32ea624e442,analog_sensor,null,286
2021-03-30T13:05:18.126Z,66ea97c0-814c-11eb-b767-3f1a8f1211ba,1,Temperatura Medidor,9ec94d20-8f8f-11eb-b767-3f1a8f1211ba,temp,c,22.200000762939453
2021-03-30T13:05:16.920Z,66ea97c0-814c-11eb-b767-3f1a8f1211ba,2,Medidor Humedad,4cb9fb30-9037-11eb-a2e4-b32ea624e442,rel_hum,p,48.79999923706055
2021-03-30T13:05:16.919Z,66ea97c0-814c-11eb-b767-3f1a8f1211ba,3,Potenciometro,681e2140-8f9b-11eb-a2e4-b32ea624e442,analog_sensor,null,283
2021-03-30T13:05:16.845Z,66ea97c0-814c-11eb-b767-3f1a8f1211ba,1,Temperatura Medidor,9ec94d20-8f8f-11eb-b767-3f1a8f1211ba,temp,c,22.200000762939453
2021-03-30T13:05:16.010Z,66ea97c0-814c-11eb-b767-3f1a8f1211ba,3,Potenciometro,681e2140-8f9b-11eb-a2e4-b32ea624e442,analog_sensor,null,285
2021-03-30T13:05:16.009Z,66ea97c0-814c-11eb-b767-3f1a8f1211ba,2,Medidor Humedad,4cb9fb30-9037-11eb-a2e4-b32ea624e442,rel_hum,p,48.79999923706055
2021-03-30T13:05:15.825Z,66ea97c0-814c-11eb-b767-3f1a8f1211ba,1,Temperatura Medidor,9ec94d20-8f8f-11eb-b767-3f1a8f1211ba,temp,c,22.200000762939453
2021-03-30T13:05:14.795Z,66ea97c0-814c-11eb-b767-3f1a8f1211ba,2,Medidor Humedad,4cb9fb30-9037-11eb-a2e4-b32ea624e442,rel_hum,p,48.79999923706055
2021-03-30T13:05:14.783Z,66ea97c0-814c-11eb-b767-3f1a8f1211ba,1,Temperatura Medidor,9ec94d20-8f8f-11eb-b767-3f1a8f1211ba,temp,c,22.200000762939453
2021-03-30T13:05:14.703Z,66ea97c0-814c-11eb-b767-3f1a8f1211ba,3,Potenciometro,681e2140-8f9b-11eb-a2e4-b32ea624e442,analog_sensor,null,283
2021-03-30T13:05:13.864Z,66ea97c0-814c-11eb-b767-3f1a8f1211ba,3,Potenciometro,681e2140-8f9b-11eb-a2e4-b32ea624e442,analog_sensor,null,278
2021-03-30T13:05:13.606Z,66ea97c0-814c-11eb-b767-3f1a8f1211ba,2,Medidor Humedad,4cb9fb30-9037-11eb-a2e4-b32ea624e442,rel_hum,p,48.79999923706055
2021-03-30T13:05:13.523Z,66ea97c0-814c-11eb-b767-3f1a8f1211ba,1,Temperatura Medidor,9ec94d20-8f8f-11eb-b767-3f1a8f1211ba,temp,c,22.200000762939453
2021-03-30T13:05:12.848Z,66ea97c0-814c-11eb-b767-3f1a8f1211ba,3,Potenciometro,681e2140-8f9b-11eb-a2e4-b32ea624e442,analog_sensor,null,277
2021-03-30T13:05:12.379Z,66ea97c0-814c-11eb-b767-3f1a8f1211ba,2,Medidor Humedad,4cb9fb30-9037-11eb-a2e4-b32ea624e442,rel_hum,p,49.5
2021-03-30T13:05:12.257Z,66ea97c0-814c-11eb-b767-3f1a8f1211ba,1,Temperatura Medidor,9ec94d20-8f8f-11eb-b767-3f1a8f1211ba,temp,c,22.200000762939453
2021-03-30T13:05:11.321Z,66ea97c0-814c-11eb-b767-3f1a8f1211ba,2,Medidor Humedad,4cb9fb30-9037-11eb-a2e4-b32ea624e442,rel_hum,p,49.5
2021-03-30T13:05:11.312Z,66ea97c0-814c-11eb-b767-3f1a8f1211ba,3,Potenciometro,681e2140-8f9b-11eb-a2e4-b32ea624e442,analog_sensor,null,285
2021-03-30T13:05:11.237Z,66ea97c0-814c-11eb-b767-3f1a8f1211ba,1,Temperatura Medidor,9ec94d20-8f8f-11eb-b767-3f1a8f1211ba,temp,c,22.200000762939453
2021-03-30T13:05:10.024Z,66ea97c0-814c-11eb-b767-3f1a8f1211ba,3,Potenciometro,681e2140-8f9b-11eb-a2e4-b32ea624e442,analog_sensor,null,283
2021-03-30T13:05:09.008Z,66ea97c0-814c-11eb-b767-3f1a8f1211ba,3,Potenciometro,681e2140-8f9b-11eb-a2e4-b32ea624e442,analog_sensor,null,288
2021-03-30T13:05:07.744Z,66ea97c0-814c-11eb-b767-3f1a8f1211ba,1,Temperatura Medidor,9ec94d20-8f8f-11eb-b767-3f1a8f1211ba,temp,c,22.200000762939453
2021-03-30T13:05:07.730Z,66ea97c0-814c-11eb-b767-3f1a8f1211ba,2,Medidor Humedad,4cb9fb30-9037-11eb-a2e4-b32ea624e442,rel_hum,p,48.5
2021-03-30T13:05:07.729Z,66ea97c0-814c-11eb-b767-3f1a8f1211ba,3,Potenciometro,681e2140-8f9b-11eb-a2e4-b32ea624e442,analog_sensor,null,277
2021-03-30T13:05:06.766Z,66ea97c0-814c-11eb-b767-3f1a8f1211ba,2,Medidor Humedad,4cb9fb30-9037-11eb-a2e4-b32ea624e442,rel_hum,p,48.5
2021-03-30T13:05:06.762Z,66ea97c0-814c-11eb-b767-3f1a8f1211ba,3,Potenciometro,681e2140-8f9b-11eb-a2e4-b32ea624e442,analog_sensor,null,284
2021-03-30T13:05:06.643Z,66ea97c0-814c-11eb-b767-3f1a8f1211ba,1,Temperatura Medidor,9ec94d20-8f8f-11eb-b767-3f1a8f1211ba,temp,c,22.200000762939453
2021-03-30T13:05:05.438Z,66ea97c0-814c-11eb-b767-3f1a8f1211ba,3,Potenciometro,681e2140-8f9b-11eb-a2e4-b32ea624e442,analog_sensor,null,277
2021-03-30T13:05:05.433Z,66ea97c0-814c-11eb-b767-3f1a8f1211ba,2,Medidor Humedad,4cb9fb30-9037-11eb-a2e4-b32ea624e442,rel_hum,p,48.5
2021-03-30T13:05:05.430Z,66ea97c0-814c-11eb-b767-3f1a8f1211ba,1,Temperatura Medidor,9ec94d20-8f8f-11eb-b767-3f1a8f1211ba,temp,c,22.299999237060547
2021-03-30T13:05:05.356Z,66ea97c0-814c-11eb-b767-3f1a8f1211ba,0,Channel 0,2b7c5310-8f91-11eb-883c-638d8ce4c23d,,,2334
2021-03-30T13:05:04.494Z,66ea97c0-814c-11eb-b767-3f1a8f1211ba,1,Temperatura Medidor,9ec94d20-8f8f-11eb-b767-3f1a8f1211ba,temp,c,22.299999237060547
2021-03-30T13:05:04.420Z,66ea97c0-814c-11eb-b767-3f1a8f1211ba,2,Medidor Humedad,4cb9fb30-9037-11eb-a2e4-b32ea624e442,rel_hum,p,48.5
2021-03-30T13:05:04.417Z,66ea97c0-814c-11eb-b767-3f1a8f1211ba,3,Potenciometro,681e2140-8f9b-11eb-a2e4-b32ea624e442,analog_sensor,null,285
2021-03-30T13:05:03.184Z,66ea97c0-814c-11eb-b767-3f1a8f1211ba,2,Medidor Humedad,4cb9fb30-9037-11eb-a2e4-b32ea624e442,rel_hum,p,48.400001525878906
2021-03-30T13:05:03.182Z,66ea97c0-814c-11eb-b767-3f1a8f1211ba,3,Potenciometro,681e2140-8f9b-11eb-a2e4-b32ea624e442,analog_sensor,null,283
2021-03-30T13:05:03.110Z,66ea97c0-814c-11eb-b767-3f1a8f1211ba,1,Temperatura Medidor,9ec94d20-8f8f-11eb-b767-3f1a8f1211ba,temp,c,22.299999237060547
2021-03-30T13:05:02.195Z,66ea97c0-814c-11eb-b767-3f1a8f1211ba,2,Medidor Humedad,4cb9fb30-9037-11eb-a2e4-b32ea624e442,rel_hum,p,48.400001525878906
2021-03-30T13:05:02.138Z,66ea97c0-814c-11eb-b767-3f1a8f1211ba,3,Potenciometro,681e2140-8f9b-11eb-a2e4-b32ea624e442,analog_sensor,null,286
2021-03-30T13:05:02.101Z,66ea97c0-814c-11eb-b767-3f1a8f1211ba,1,Temperatura Medidor,9ec94d20-8f8f-11eb-b767-3f1a8f1211ba,temp,c,22.299999237060547
2021-03-30T13:05:00.906Z,66ea97c0-814c-11eb-b767-3f1a8f1211ba,3,Potenciometro,681e2140-8f9b-11eb-a2e4-b32ea624e442,analog_sensor,null,284
2021-03-30T13:05:00.904Z,66ea97c0-814c-11eb-b767-3f1a8f1211ba,2,Medidor Humedad,4cb9fb30-9037-11eb-a2e4-b32ea624e442,rel_hum,p,48.400001525878906
2021-03-30T13:05:00.782Z,66ea97c0-814c-11eb-b767-3f1a8f1211ba,1,Temperatura Medidor,9ec94d20-8f8f-11eb-b767-3f1a8f1211ba,temp,c,22.299999237060547
2021-03-30T13:04:21.702Z,66ea97c0-814c-11eb-b767-3f1a8f1211ba,1,Temperatura Medidor,9ec94d20-8f8f-11eb-b767-3f1a8f1211ba,temp,c,22.5
2021-03-30T13:04:20.773Z,66ea97c0-814c-11eb-b767-3f1a8f1211ba,2,Medidor Humedad,4cb9fb30-9037-11eb-a2e4-b32ea624e442,rel_hum,p,48.20000076293945
2021-03-30T13:04:20.768Z,66ea97c0-814c-11eb-b767-3f1a8f1211ba,3,Potenciometro,681e2140-8f9b-11eb-a2e4-b32ea624e442,analog_sensor,null,286
2021-03-30T13:04:20.768Z,66ea97c0-814c-11eb-b767-3f1a8f1211ba,1,Temperatura Medidor,9ec94d20-8f8f-11eb-b767-3f1a8f1211ba,temp,c,22.5
2021-03-30T13:04:19.482Z,66ea97c0-814c-11eb-b767-3f1a8f1211ba,2,Medidor Humedad,4cb9fb30-9037-11eb-a2e4-b32ea624e442,rel_hum,p,48.5
2021-03-30T13:04:19.481Z,66ea97c0-814c-11eb-b767-3f1a8f1211ba,3,Potenciometro,681e2140-8f9b-11eb-a2e4-b32ea624e442,analog_sensor,null,283
2021-03-30T13:04:19.406Z,66ea97c0-814c-11eb-b767-3f1a8f1211ba,1,Temperatura Medidor,9ec94d20-8f8f-11eb-b767-3f1a8f1211ba,temp,c,22.5
2021-03-30T13:04:18.484Z,66ea97c0-814c-11eb-b767-3f1a8f1211ba,3,Potenciometro,681e2140-8f9b-11eb-a2e4-b32ea624e442,analog_sensor,null,285
2021-03-30T13:04:18.480Z,66ea97c0-814c-11eb-b767-3f1a8f1211ba,2,Medidor Humedad,4cb9fb30-9037-11eb-a2e4-b32ea624e442,rel_hum,p,48.5
2021-03-30T13:04:18.395Z,66ea97c0-814c-11eb-b767-3f1a8f1211ba,1,Temperatura Medidor,9ec94d20-8f8f-11eb-b767-3f1a8f1211ba,temp,c,22.5
2021-03-30T13:04:17.330Z,66ea97c0-814c-11eb-b767-3f1a8f1211ba,1,Temperatura Medidor,9ec94d20-8f8f-11eb-b767-3f1a8f1211ba,temp,c,22.600000381469727
2021-03-30T13:04:17.185Z,66ea97c0-814c-11eb-b767-3f1a8f1211ba,3,Potenciometro,681e2140-8f9b-11eb-a2e4-b32ea624e442,analog_sensor,null,284
2021-03-30T13:04:17.182Z,66ea97c0-814c-11eb-b767-3f1a8f1211ba,2,Medidor Humedad,4cb9fb30-9037-11eb-a2e4-b32ea624e442,rel_hum,p,48.5
2021-03-30T13:04:17.108Z,66ea97c0-814c-11eb-b767-3f1a8f1211ba,0,Channel 0,2b7c5310-8f91-11eb-883c-638d8ce4c23d,,,2286
2021-03-30T13:04:16.300Z,66ea97c0-814c-11eb-b767-3f1a8f1211ba,2,Medidor Humedad,4cb9fb30-9037-11eb-a2e4-b32ea624e442,rel_hum,p,48.5
2021-03-30T13:04:16.172Z,66ea97c0-814c-11eb-b767-3f1a8f1211ba,3,Potenciometro,681e2140-8f9b-11eb-a2e4-b32ea624e442,analog_sensor,null,284
2021-03-30T13:04:16.097Z,66ea97c0-814c-11eb-b767-3f1a8f1211ba,1,Temperatura Medidor,9ec94d20-8f8f-11eb-b767-3f1a8f1211ba,temp,c,22.600000381469727
2021-03-30T13:04:14.967Z,66ea97c0-814c-11eb-b767-3f1a8f1211ba,2,Medidor Humedad,4cb9fb30-9037-11eb-a2e4-b32ea624e442,rel_hum,p,48.599998474121094
2021-03-30T13:04:14.885Z,66ea97c0-814c-11eb-b767-3f1a8f1211ba,3,Potenciometro,681e2140-8f9b-11eb-a2e4-b32ea624e442,analog_sensor,null,284
2021-03-30T13:04:14.811Z,66ea97c0-814c-11eb-b767-3f1a8f1211ba,1,Temperatura Medidor,9ec94d20-8f8f-11eb-b767-3f1a8f1211ba,temp,c,22.600000381469727
2021-03-30T13:04:13.881Z,66ea97c0-814c-11eb-b767-3f1a8f1211ba,3,Potenciometro,681e2140-8f9b-11eb-a2e4-b32ea624e442,analog_sensor,null,285
2021-03-30T13:04:13.875Z,66ea97c0-814c-11eb-b767-3f1a8f1211ba,2,Medidor Humedad,4cb9fb30-9037-11eb-a2e4-b32ea624e442,rel_hum,p,48.599998474121094
2021-03-30T13:04:13.800Z,66ea97c0-814c-11eb-b767-3f1a8f1211ba,1,Temperatura Medidor,9ec94d20-8f8f-11eb-b767-3f1a8f1211ba,temp,c,22.600000381469727
2021-03-30T13:04:12.604Z,66ea97c0-814c-11eb-b767-3f1a8f1211ba,2,Medidor Humedad,4cb9fb30-9037-11eb-a2e4-b32ea624e442,rel_hum,p,48.599998474121094
2021-03-30T13:04:12.586Z,66ea97c0-814c-11eb-b767-3f1a8f1211ba,3,Potenciometro,681e2140-8f9b-11eb-a2e4-b32ea624e442,analog_sensor,null,283
2021-03-30T13:04:12.514Z,66ea97c0-814c-11eb-b767-3f1a8f1211ba,1,Temperatura Medidor,9ec94d20-8f8f-11eb-b767-3f1a8f1211ba,temp,c,22.600000381469727
2021-03-30T13:04:11.571Z,66ea97c0-814c-11eb-b767-3f1a8f1211ba,2,Medidor Humedad,4cb9fb30-9037-11eb-a2e4-b32ea624e442,rel_hum,p,48.599998474121094
2021-03-30T13:04:11.571Z,66ea97c0-814c-11eb-b767-3f1a8f1211ba,3,Potenciometro,681e2140-8f9b-11eb-a2e4-b32ea624e442,analog_sensor,null,278
2021-03-30T13:04:11.498Z,66ea97c0-814c-11eb-b767-3f1a8f1211ba,1,Temperatura Medidor,9ec94d20-8f8f-11eb-b767-3f1a8f1211ba,temp,c,22.600000381469727
2021-03-30T13:04:10.359Z,66ea97c0-814c-11eb-b767-3f1a8f1211ba,2,Medidor Humedad,4cb9fb30-9037-11eb-a2e4-b32ea624e442,rel_hum,p,48.70000076293945
2021-03-30T13:04:10.305Z,66ea97c0-814c-11eb-b767-3f1a8f1211ba,3,Potenciometro,681e2140-8f9b-11eb-a2e4-b32ea624e442,analog_sensor,null,277
2021-03-30T13:04:10.213Z,66ea97c0-814c-11eb-b767-3f1a8f1211ba,1,Temperatura Medidor,9ec94d20-8f8f-11eb-b767-3f1a8f1211ba,temp,c,22.600000381469727
2021-03-30T13:04:09.536Z,66ea97c0-814c-11eb-b767-3f1a8f1211ba,2,Medidor Humedad,4cb9fb30-9037-11eb-a2e4-b32ea624e442,rel_hum,p,48.70000076293945
2021-03-30T13:04:09.500Z,66ea97c0-814c-11eb-b767-3f1a8f1211ba,1,Temperatura Medidor,9ec94d20-8f8f-11eb-b767-3f1a8f1211ba,temp,c,22.600000381469727
2021-03-30T13:04:09.282Z,66ea97c0-814c-11eb-b767-3f1a8f1211ba,3,Potenciometro,681e2140-8f9b-11eb-a2e4-b32ea624e442,analog_sensor,null,285
2021-03-30T13:04:08.082Z,66ea97c0-814c-11eb-b767-3f1a8f1211ba,3,Potenciometro,681e2140-8f9b-11eb-a2e4-b32ea624e442,analog_sensor,null,283
2021-03-30T13:04:06.982Z,66ea97c0-814c-11eb-b767-3f1a8f1211ba,3,Potenciometro,681e2140-8f9b-11eb-a2e4-b32ea624e442,analog_sensor,null,281
2021-03-30T13:04:05.789Z,66ea97c0-814c-11eb-b767-3f1a8f1211ba,1,Temperatura Medidor,9ec94d20-8f8f-11eb-b767-3f1a8f1211ba,temp,c,22.600000381469727
2021-03-30T13:04:05.747Z,66ea97c0-814c-11eb-b767-3f1a8f1211ba,3,Potenciometro,681e2140-8f9b-11eb-a2e4-b32ea624e442,analog_sensor,null,284
2021-03-30T13:04:05.707Z,66ea97c0-814c-11eb-b767-3f1a8f1211ba,2,Medidor Humedad,4cb9fb30-9037-11eb-a2e4-b32ea624e442,rel_hum,p,48.70000076293945
2021-03-30T13:04:04.726Z,66ea97c0-814c-11eb-b767-3f1a8f1211ba,3,Potenciometro,681e2140-8f9b-11eb-a2e4-b32ea624e442,analog_sensor,null,278
2021-03-30T13:04:04.707Z,66ea97c0-814c-11eb-b767-3f1a8f1211ba,2,Medidor Humedad,4cb9fb30-9037-11eb-a2e4-b32ea624e442,rel_hum,p,48.70000076293945
2021-03-30T13:04:04.624Z,66ea97c0-814c-11eb-b767-3f1a8f1211ba,1,Temperatura Medidor,9ec94d20-8f8f-11eb-b767-3f1a8f1211ba,temp,c,22.600000381469727
2021-03-30T13:04:03.409Z,66ea97c0-814c-11eb-b767-3f1a8f1211ba,3,Potenciometro,681e2140-8f9b-11eb-a2e4-b32ea624e442,analog_sensor,null,277
2021-03-30T13:04:03.409Z,66ea97c0-814c-11eb-b767-3f1a8f1211ba,2,Medidor Humedad,4cb9fb30-9037-11eb-a2e4-b32ea624e442,rel_hum,p,48.599998474121094
2021-03-30T13:04:03.338Z,66ea97c0-814c-11eb-b767-3f1a8f1211ba,1,Temperatura Medidor,9ec94d20-8f8f-11eb-b767-3f1a8f1211ba,temp,c,22.600000381469727
2021-03-30T13:04:02.413Z,66ea97c0-814c-11eb-b767-3f1a8f1211ba,3,Potenciometro,681e2140-8f9b-11eb-a2e4-b32ea624e442,analog_sensor,null,285
2021-03-30T13:04:02.410Z,66ea97c0-814c-11eb-b767-3f1a8f1211ba,2,Medidor Humedad,4cb9fb30-9037-11eb-a2e4-b32ea624e442,rel_hum,p,48.599998474121094
2021-03-30T13:04:02.328Z,66ea97c0-814c-11eb-b767-3f1a8f1211ba,1,Temperatura Medidor,9ec94d20-8f8f-11eb-b767-3f1a8f1211ba,temp,c,22.600000381469727
2021-03-30T13:04:01.423Z,66ea97c0-814c-11eb-b767-3f1a8f1211ba,2,Medidor Humedad,4cb9fb30-9037-11eb-a2e4-b32ea624e442,rel_hum,p,48.70000076293945
2021-03-30T13:04:01.420Z,66ea97c0-814c-11eb-b767-3f1a8f1211ba,1,Temperatura Medidor,9ec94d20-8f8f-11eb-b767-3f1a8f1211ba,temp,c,22.600000381469727
2021-03-30T13:04:01.114Z,66ea97c0-814c-11eb-b767-3f1a8f1211ba,3,Potenciometro,681e2140-8f9b-11eb-a2e4-b32ea624e442,analog_sensor,null,283
2021-03-30T13:04:01.045Z,66ea97c0-814c-11eb-b767-3f1a8f1211ba,0,Channel 0,2b7c5310-8f91-11eb-883c-638d8ce4c23d,,,2270
2021-03-30T13:04:00.222Z,66ea97c0-814c-11eb-b767-3f1a8f1211ba,3,Potenciometro,681e2140-8f9b-11eb-a2e4-b32ea624e442,analog_sensor,null,284
2021-03-30T13:04:00.138Z,66ea97c0-814c-11eb-b767-3f1a8f1211ba,2,Medidor Humedad,4cb9fb30-9037-11eb-a2e4-b32ea624e442,rel_hum,p,48.70000076293945
2021-03-30T13:04:00.040Z,66ea97c0-814c-11eb-b767-3f1a8f1211ba,1,Temperatura Medidor,9ec94d20-8f8f-11eb-b767-3f1a8f1211ba,temp,c,22.600000381469727
2021-03-30T13:03:22.079Z,66ea97c0-814c-11eb-b767-3f1a8f1211ba,2,Medidor Humedad,4cb9fb30-9037-11eb-a2e4-b32ea624e442,rel_hum,p,46.400001525878906
2021-03-30T13:03:22.005Z,66ea97c0-814c-11eb-b767-3f1a8f1211ba,1,Temperatura Medidor,9ec94d20-8f8f-11eb-b767-3f1a8f1211ba,temp,c,22.899999618530273
2021-03-30T13:03:21.163Z,66ea97c0-814c-11eb-b767-3f1a8f1211ba,3,Potenciometro,681e2140-8f9b-11eb-a2e4-b32ea624e442,analog_sensor,null,285
2021-03-30T13:03:21.073Z,66ea97c0-814c-11eb-b767-3f1a8f1211ba,2,Medidor Humedad,4cb9fb30-9037-11eb-a2e4-b32ea624e442,rel_hum,p,46.400001525878906
2021-03-30T13:03:20.995Z,66ea97c0-814c-11eb-b767-3f1a8f1211ba,1,Temperatura Medidor,9ec94d20-8f8f-11eb-b767-3f1a8f1211ba,temp,c,22.899999618530273
2021-03-30T13:03:19.796Z,66ea97c0-814c-11eb-b767-3f1a8f1211ba,3,Potenciometro,681e2140-8f9b-11eb-a2e4-b32ea624e442,analog_sensor,null,283
2021-03-30T13:03:19.785Z,66ea97c0-814c-11eb-b767-3f1a8f1211ba,2,Medidor Humedad,4cb9fb30-9037-11eb-a2e4-b32ea624e442,rel_hum,p,46.20000076293945
2021-03-30T13:03:19.712Z,66ea97c0-814c-11eb-b767-3f1a8f1211ba,1,Temperatura Medidor,9ec94d20-8f8f-11eb-b767-3f1a8f1211ba,temp,c,22.899999618530273
2021-03-30T13:03:18.775Z,66ea97c0-814c-11eb-b767-3f1a8f1211ba,3,Potenciometro,681e2140-8f9b-11eb-a2e4-b32ea624e442,analog_sensor,null,285
2021-03-30T13:03:18.770Z,66ea97c0-814c-11eb-b767-3f1a8f1211ba,2,Medidor Humedad,4cb9fb30-9037-11eb-a2e4-b32ea624e442,rel_hum,p,46.20000076293945
2021-03-30T13:03:18.703Z,66ea97c0-814c-11eb-b767-3f1a8f1211ba,1,Temperatura Medidor,9ec94d20-8f8f-11eb-b767-3f1a8f1211ba,temp,c,22.899999618530273
2021-03-30T13:03:17.490Z,66ea97c0-814c-11eb-b767-3f1a8f1211ba,2,Medidor Humedad,4cb9fb30-9037-11eb-a2e4-b32ea624e442,rel_hum,p,46.099998474121094
2021-03-30T13:03:17.490Z,66ea97c0-814c-11eb-b767-3f1a8f1211ba,3,Potenciometro,681e2140-8f9b-11eb-a2e4-b32ea624e442,analog_sensor,null,284
2021-03-30T13:03:17.438Z,66ea97c0-814c-11eb-b767-3f1a8f1211ba,1,Temperatura Medidor,9ec94d20-8f8f-11eb-b767-3f1a8f1211ba,temp,c,22.899999618530273
2021-03-30T13:03:16.816Z,66ea97c0-814c-11eb-b767-3f1a8f1211ba,2,Medidor Humedad,4cb9fb30-9037-11eb-a2e4-b32ea624e442,rel_hum,p,46.099998474121094
2021-03-30T13:03:16.479Z,66ea97c0-814c-11eb-b767-3f1a8f1211ba,3,Potenciometro,681e2140-8f9b-11eb-a2e4-b32ea624e442,analog_sensor,null,285
2021-03-30T13:03:16.454Z,66ea97c0-814c-11eb-b767-3f1a8f1211ba,1,Temperatura Medidor,9ec94d20-8f8f-11eb-b767-3f1a8f1211ba,temp,c,22.899999618530273
2021-03-30T13:03:15.188Z,66ea97c0-814c-11eb-b767-3f1a8f1211ba,2,Medidor Humedad,4cb9fb30-9037-11eb-a2e4-b32ea624e442,rel_hum,p,45.900001525878906
2021-03-30T13:03:15.187Z,66ea97c0-814c-11eb-b767-3f1a8f1211ba,3,Potenciometro,681e2140-8f9b-11eb-a2e4-b32ea624e442,analog_sensor,null,283
2021-03-30T13:03:15.125Z,66ea97c0-814c-11eb-b767-3f1a8f1211ba,1,Temperatura Medidor,9ec94d20-8f8f-11eb-b767-3f1a8f1211ba,temp,c,22.899999618530273
2021-03-30T13:03:14.174Z,66ea97c0-814c-11eb-b767-3f1a8f1211ba,3,Potenciometro,681e2140-8f9b-11eb-a2e4-b32ea624e442,analog_sensor,null,285
2021-03-30T13:03:14.174Z,66ea97c0-814c-11eb-b767-3f1a8f1211ba,2,Medidor Humedad,4cb9fb30-9037-11eb-a2e4-b32ea624e442,rel_hum,p,45.900001525878906
2021-03-30T13:03:14.098Z,66ea97c0-814c-11eb-b767-3f1a8f1211ba,1,Temperatura Medidor,9ec94d20-8f8f-11eb-b767-3f1a8f1211ba,temp,c,22.899999618530273
2021-03-30T13:03:13.046Z,66ea97c0-814c-11eb-b767-3f1a8f1211ba,1,Temperatura Medidor,9ec94d20-8f8f-11eb-b767-3f1a8f1211ba,temp,c,22.899999618530273
2021-03-30T13:03:13.015Z,66ea97c0-814c-11eb-b767-3f1a8f1211ba,0,Channel 0,2b7c5310-8f91-11eb-883c-638d8ce4c23d,,,2222
2021-03-30T13:03:12.895Z,66ea97c0-814c-11eb-b767-3f1a8f1211ba,3,Potenciometro,681e2140-8f9b-11eb-a2e4-b32ea624e442,analog_sensor,null,284
2021-03-30T13:03:12.894Z,66ea97c0-814c-11eb-b767-3f1a8f1211ba,2,Medidor Humedad,4cb9fb30-9037-11eb-a2e4-b32ea624e442,rel_hum,p,45.900001525878906
2021-03-30T13:03:11.896Z,66ea97c0-814c-11eb-b767-3f1a8f1211ba,3,Potenciometro,681e2140-8f9b-11eb-a2e4-b32ea624e442,analog_sensor,null,286
2021-03-30T13:03:11.873Z,66ea97c0-814c-11eb-b767-3f1a8f1211ba,2,Medidor Humedad,4cb9fb30-9037-11eb-a2e4-b32ea624e442,rel_hum,p,45.900001525878906
2021-03-30T13:03:11.802Z,66ea97c0-814c-11eb-b767-3f1a8f1211ba,1,Temperatura Medidor,9ec94d20-8f8f-11eb-b767-3f1a8f1211ba,temp,c,22.899999618530273
2021-03-30T13:03:10.598Z,66ea97c0-814c-11eb-b767-3f1a8f1211ba,3,Potenciometro,681e2140-8f9b-11eb-a2e4-b32ea624e442,analog_sensor,null,283
2021-03-30T13:03:10.595Z,66ea97c0-814c-11eb-b767-3f1a8f1211ba,2,Medidor Humedad,4cb9fb30-9037-11eb-a2e4-b32ea624e442,rel_hum,p,46.099998474121094
2021-03-30T13:03:10.523Z,66ea97c0-814c-11eb-b767-3f1a8f1211ba,1,Temperatura Medidor,9ec94d20-8f8f-11eb-b767-3f1a8f1211ba,temp,c,23
2021-03-30T13:03:09.571Z,66ea97c0-814c-11eb-b767-3f1a8f1211ba,3,Potenciometro,681e2140-8f9b-11eb-a2e4-b32ea624e442,analog_sensor,null,285
2021-03-30T13:03:09.568Z,66ea97c0-814c-11eb-b767-3f1a8f1211ba,2,Medidor Humedad,4cb9fb30-9037-11eb-a2e4-b32ea624e442,rel_hum,p,46.099998474121094
2021-03-30T13:03:09.498Z,66ea97c0-814c-11eb-b767-3f1a8f1211ba,1,Temperatura Medidor,9ec94d20-8f8f-11eb-b767-3f1a8f1211ba,temp,c,23
2021-03-30T13:03:08.290Z,66ea97c0-814c-11eb-b767-3f1a8f1211ba,3,Potenciometro,681e2140-8f9b-11eb-a2e4-b32ea624e442,analog_sensor,null,277
2021-03-30T13:03:07.278Z,66ea97c0-814c-11eb-b767-3f1a8f1211ba,3,Potenciometro,681e2140-8f9b-11eb-a2e4-b32ea624e442,analog_sensor,null,281
2021-03-30T13:03:06.004Z,66ea97c0-814c-11eb-b767-3f1a8f1211ba,3,Potenciometro,681e2140-8f9b-11eb-a2e4-b32ea624e442,analog_sensor,null,277
2021-03-30T13:03:05.031Z,66ea97c0-814c-11eb-b767-3f1a8f1211ba,3,Potenciometro,681e2140-8f9b-11eb-a2e4-b32ea624e442,analog_sensor,null,281
2021-03-30T13:03:03.706Z,66ea97c0-814c-11eb-b767-3f1a8f1211ba,2,Medidor Humedad,4cb9fb30-9037-11eb-a2e4-b32ea624e442,rel_hum,p,45.900001525878906
2021-03-30T13:03:03.705Z,66ea97c0-814c-11eb-b767-3f1a8f1211ba,3,Potenciometro,681e2140-8f9b-11eb-a2e4-b32ea624e442,analog_sensor,null,284
2021-03-30T13:03:03.630Z,66ea97c0-814c-11eb-b767-3f1a8f1211ba,1,Temperatura Medidor,9ec94d20-8f8f-11eb-b767-3f1a8f1211ba,temp,c,23
2021-03-30T13:03:03.161Z,66ea97c0-814c-11eb-b767-3f1a8f1211ba,2,Medidor Humedad,4cb9fb30-9037-11eb-a2e4-b32ea624e442,rel_hum,p,45.900001525878906
2021-03-30T13:03:03.142Z,66ea97c0-814c-11eb-b767-3f1a8f1211ba,1,Temperatura Medidor,9ec94d20-8f8f-11eb-b767-3f1a8f1211ba,temp,c,23
2021-03-30T13:03:02.695Z,66ea97c0-814c-11eb-b767-3f1a8f1211ba,3,Potenciometro,681e2140-8f9b-11eb-a2e4-b32ea624e442,analog_sensor,null,285
2021-03-30T13:03:01.488Z,66ea97c0-814c-11eb-b767-3f1a8f1211ba,2,Medidor Humedad,4cb9fb30-9037-11eb-a2e4-b32ea624e442,rel_hum,p,45.70000076293945
2021-03-30T13:03:01.409Z,66ea97c0-814c-11eb-b767-3f1a8f1211ba,3,Potenciometro,681e2140-8f9b-11eb-a2e4-b32ea624e442,analog_sensor,null,283
2021-03-30T13:03:01.332Z,66ea97c0-814c-11eb-b767-3f1a8f1211ba,1,Temperatura Medidor,9ec94d20-8f8f-11eb-b767-3f1a8f1211ba,temp,c,23.100000381469727
2021-03-30T13:03:00.524Z,66ea97c0-814c-11eb-b767-3f1a8f1211ba,2,Medidor Humedad,4cb9fb30-9037-11eb-a2e4-b32ea624e442,rel_hum,p,45.70000076293945
2021-03-30T13:03:00.399Z,66ea97c0-814c-11eb-b767-3f1a8f1211ba,3,Potenciometro,681e2140-8f9b-11eb-a2e4-b32ea624e442,analog_sensor,null,286
2021-03-30T13:03:00.323Z,66ea97c0-814c-11eb-b767-3f1a8f1211ba,1,Temperatura Medidor,9ec94d20-8f8f-11eb-b767-3f1a8f1211ba,temp,c,23.100000381469727
2021-03-30T13:02:22.404Z,66ea97c0-814c-11eb-b767-3f1a8f1211ba,2,Medidor Humedad,4cb9fb30-9037-11eb-a2e4-b32ea624e442,rel_hum,p,45.79999923706055
2021-03-30T13:02:22.283Z,66ea97c0-814c-11eb-b767-3f1a8f1211ba,1,Temperatura Medidor,9ec94d20-8f8f-11eb-b767-3f1a8f1211ba,temp,c,23.399999618530273
2021-03-30T13:02:21.351Z,66ea97c0-814c-11eb-b767-3f1a8f1211ba,3,Potenciometro,681e2140-8f9b-11eb-a2e4-b32ea624e442,analog_sensor,null,286
2021-03-30T13:02:21.350Z,66ea97c0-814c-11eb-b767-3f1a8f1211ba,2,Medidor Humedad,4cb9fb30-9037-11eb-a2e4-b32ea624e442,rel_hum,p,45.79999923706055
2021-03-30T13:02:21.276Z,66ea97c0-814c-11eb-b767-3f1a8f1211ba,1,Temperatura Medidor,9ec94d20-8f8f-11eb-b767-3f1a8f1211ba,temp,c,23.399999618530273
2021-03-30T13:02:20.086Z,66ea97c0-814c-11eb-b767-3f1a8f1211ba,2,Medidor Humedad,4cb9fb30-9037-11eb-a2e4-b32ea624e442,rel_hum,p,46.099998474121094
2021-03-30T13:02:20.083Z,66ea97c0-814c-11eb-b767-3f1a8f1211ba,3,Potenciometro,681e2140-8f9b-11eb-a2e4-b32ea624e442,analog_sensor,null,283
2021-03-30T13:02:19.987Z,66ea97c0-814c-11eb-b767-3f1a8f1211ba,1,Temperatura Medidor,9ec94d20-8f8f-11eb-b767-3f1a8f1211ba,temp,c,23.399999618530273
2021-03-30T13:02:19.057Z,66ea97c0-814c-11eb-b767-3f1a8f1211ba,3,Potenciometro,681e2140-8f9b-11eb-a2e4-b32ea624e442,analog_sensor,null,286
2021-03-30T13:02:19.055Z,66ea97c0-814c-11eb-b767-3f1a8f1211ba,2,Medidor Humedad,4cb9fb30-9037-11eb-a2e4-b32ea624e442,rel_hum,p,46.099998474121094
2021-03-30T13:02:19.009Z,66ea97c0-814c-11eb-b767-3f1a8f1211ba,1,Temperatura Medidor,9ec94d20-8f8f-11eb-b767-3f1a8f1211ba,temp,c,23.399999618530273
2021-03-30T13:02:17.890Z,66ea97c0-814c-11eb-b767-3f1a8f1211ba,2,Medidor Humedad,4cb9fb30-9037-11eb-a2e4-b32ea624e442,rel_hum,p,46.29999923706055
2021-03-30T13:02:17.762Z,66ea97c0-814c-11eb-b767-3f1a8f1211ba,3,Potenciometro,681e2140-8f9b-11eb-a2e4-b32ea624e442,analog_sensor,null,283
2021-03-30T13:02:17.691Z,66ea97c0-814c-11eb-b767-3f1a8f1211ba,1,Temperatura Medidor,9ec94d20-8f8f-11eb-b767-3f1a8f1211ba,temp,c,23.5
2021-03-30T13:02:16.752Z,66ea97c0-814c-11eb-b767-3f1a8f1211ba,3,Potenciometro,681e2140-8f9b-11eb-a2e4-b32ea624e442,analog_sensor,null,286
2021-03-30T13:02:16.751Z,66ea97c0-814c-11eb-b767-3f1a8f1211ba,2,Medidor Humedad,4cb9fb30-9037-11eb-a2e4-b32ea624e442,rel_hum,p,46.29999923706055
2021-03-30T13:02:16.702Z,66ea97c0-814c-11eb-b767-3f1a8f1211ba,1,Temperatura Medidor,9ec94d20-8f8f-11eb-b767-3f1a8f1211ba,temp,c,23.5
2021-03-30T13:02:15.543Z,66ea97c0-814c-11eb-b767-3f1a8f1211ba,3,Potenciometro,681e2140-8f9b-11eb-a2e4-b32ea624e442,analog_sensor,null,284
2021-03-30T13:02:15.464Z,66ea97c0-814c-11eb-b767-3f1a8f1211ba,2,Medidor Humedad,4cb9fb30-9037-11eb-a2e4-b32ea624e442,rel_hum,p,46.599998474121094
2021-03-30T13:02:15.401Z,66ea97c0-814c-11eb-b767-3f1a8f1211ba,1,Temperatura Medidor,9ec94d20-8f8f-11eb-b767-3f1a8f1211ba,temp,c,23.5
2021-03-30T13:02:14.461Z,66ea97c0-814c-11eb-b767-3f1a8f1211ba,2,Medidor Humedad,4cb9fb30-9037-11eb-a2e4-b32ea624e442,rel_hum,p,46.599998474121094
2021-03-30T13:02:14.456Z,66ea97c0-814c-11eb-b767-3f1a8f1211ba,3,Potenciometro,681e2140-8f9b-11eb-a2e4-b32ea624e442,analog_sensor,null,286
2021-03-30T13:02:14.390Z,66ea97c0-814c-11eb-b767-3f1a8f1211ba,1,Temperatura Medidor,9ec94d20-8f8f-11eb-b767-3f1a8f1211ba,temp,c,23.5
2021-03-30T13:02:13.499Z,66ea97c0-814c-11eb-b767-3f1a8f1211ba,3,Potenciometro,681e2140-8f9b-11eb-a2e4-b32ea624e442,analog_sensor,null,284
2021-03-30T13:02:13.476Z,66ea97c0-814c-11eb-b767-3f1a8f1211ba,1,Temperatura Medidor,9ec94d20-8f8f-11eb-b767-3f1a8f1211ba,temp,c,23.5
2021-03-30T13:02:13.172Z,66ea97c0-814c-11eb-b767-3f1a8f1211ba,2,Medidor Humedad,4cb9fb30-9037-11eb-a2e4-b32ea624e442,rel_hum,p,46.5
2021-03-30T13:02:12.384Z,66ea97c0-814c-11eb-b767-3f1a8f1211ba,3,Potenciometro,681e2140-8f9b-11eb-a2e4-b32ea624e442,analog_sensor,null,279
2021-03-30T13:02:12.365Z,66ea97c0-814c-11eb-b767-3f1a8f1211ba,1,Temperatura Medidor,9ec94d20-8f8f-11eb-b767-3f1a8f1211ba,temp,c,23.5
2021-03-30T13:02:12.158Z,66ea97c0-814c-11eb-b767-3f1a8f1211ba,2,Medidor Humedad,4cb9fb30-9037-11eb-a2e4-b32ea624e442,rel_hum,p,46.5
2021-03-30T13:02:10.884Z,66ea97c0-814c-11eb-b767-3f1a8f1211ba,2,Medidor Humedad,4cb9fb30-9037-11eb-a2e4-b32ea624e442,rel_hum,p,46.5
2021-03-30T13:02:10.879Z,66ea97c0-814c-11eb-b767-3f1a8f1211ba,3,Potenciometro,681e2140-8f9b-11eb-a2e4-b32ea624e442,analog_sensor,null,277
2021-03-30T13:02:10.826Z,66ea97c0-814c-11eb-b767-3f1a8f1211ba,1,Temperatura Medidor,9ec94d20-8f8f-11eb-b767-3f1a8f1211ba,temp,c,23.5
2021-03-30T13:02:10.038Z,66ea97c0-814c-11eb-b767-3f1a8f1211ba,3,Potenciometro,681e2140-8f9b-11eb-a2e4-b32ea624e442,analog_sensor,null,285
2021-03-30T13:02:09.934Z,66ea97c0-814c-11eb-b767-3f1a8f1211ba,2,Medidor Humedad,4cb9fb30-9037-11eb-a2e4-b32ea624e442,rel_hum,p,46.5
2021-03-30T13:02:09.795Z,66ea97c0-814c-11eb-b767-3f1a8f1211ba,1,Temperatura Medidor,9ec94d20-8f8f-11eb-b767-3f1a8f1211ba,temp,c,23.5
2021-03-30T13:02:08.580Z,66ea97c0-814c-11eb-b767-3f1a8f1211ba,3,Potenciometro,681e2140-8f9b-11eb-a2e4-b32ea624e442,analog_sensor,null,284
2021-03-30T13:02:08.504Z,66ea97c0-814c-11eb-b767-3f1a8f1211ba,0,Channel 0,2b7c5310-8f91-11eb-883c-638d8ce4c23d,,,2157
2021-03-30T13:02:07.588Z,66ea97c0-814c-11eb-b767-3f1a8f1211ba,3,Potenciometro,681e2140-8f9b-11eb-a2e4-b32ea624e442,analog_sensor,null,281
2021-03-30T13:02:06.406Z,66ea97c0-814c-11eb-b767-3f1a8f1211ba,2,Medidor Humedad,4cb9fb30-9037-11eb-a2e4-b32ea624e442,rel_hum,p,46.20000076293945
2021-03-30T13:02:06.290Z,66ea97c0-814c-11eb-b767-3f1a8f1211ba,3,Potenciometro,681e2140-8f9b-11eb-a2e4-b32ea624e442,analog_sensor,null,284
2021-03-30T13:02:06.214Z,66ea97c0-814c-11eb-b767-3f1a8f1211ba,1,Temperatura Medidor,9ec94d20-8f8f-11eb-b767-3f1a8f1211ba,temp,c,23.5
2021-03-30T13:02:05.286Z,66ea97c0-814c-11eb-b767-3f1a8f1211ba,2,Medidor Humedad,4cb9fb30-9037-11eb-a2e4-b32ea624e442,rel_hum,p,46.20000076293945
2021-03-30T13:02:05.285Z,66ea97c0-814c-11eb-b767-3f1a8f1211ba,3,Potenciometro,681e2140-8f9b-11eb-a2e4-b32ea624e442,analog_sensor,null,278
2021-03-30T13:02:05.200Z,66ea97c0-814c-11eb-b767-3f1a8f1211ba,1,Temperatura Medidor,9ec94d20-8f8f-11eb-b767-3f1a8f1211ba,temp,c,23.5
2021-03-30T13:02:04.170Z,66ea97c0-814c-11eb-b767-3f1a8f1211ba,3,Potenciometro,681e2140-8f9b-11eb-a2e4-b32ea624e442,analog_sensor,null,277
2021-03-30T13:02:04.169Z,66ea97c0-814c-11eb-b767-3f1a8f1211ba,1,Temperatura Medidor,9ec94d20-8f8f-11eb-b767-3f1a8f1211ba,temp,c,23.600000381469727
2021-03-30T13:02:03.992Z,66ea97c0-814c-11eb-b767-3f1a8f1211ba,2,Medidor Humedad,4cb9fb30-9037-11eb-a2e4-b32ea624e442,rel_hum,p,46.099998474121094
2021-03-30T13:02:02.987Z,66ea97c0-814c-11eb-b767-3f1a8f1211ba,2,Medidor Humedad,4cb9fb30-9037-11eb-a2e4-b32ea624e442,rel_hum,p,46.099998474121094
2021-03-30T13:02:02.986Z,66ea97c0-814c-11eb-b767-3f1a8f1211ba,3,Potenciometro,681e2140-8f9b-11eb-a2e4-b32ea624e442,analog_sensor,null,279
2021-03-30T13:02:02.964Z,66ea97c0-814c-11eb-b767-3f1a8f1211ba,1,Temperatura Medidor,9ec94d20-8f8f-11eb-b767-3f1a8f1211ba,temp,c,23.600000381469727
2021-03-30T13:02:01.696Z,66ea97c0-814c-11eb-b767-3f1a8f1211ba,3,Potenciometro,681e2140-8f9b-11eb-a2e4-b32ea624e442,analog_sensor,null,283
2021-03-30T13:02:01.694Z,66ea97c0-814c-11eb-b767-3f1a8f1211ba,2,Medidor Humedad,4cb9fb30-9037-11eb-a2e4-b32ea624e442,rel_hum,p,46
2021-03-30T13:02:01.621Z,66ea97c0-814c-11eb-b767-3f1a8f1211ba,1,Temperatura Medidor,9ec94d20-8f8f-11eb-b767-3f1a8f1211ba,temp,c,23.600000381469727
2021-03-30T13:02:00.893Z,66ea97c0-814c-11eb-b767-3f1a8f1211ba,3,Potenciometro,681e2140-8f9b-11eb-a2e4-b32ea624e442,analog_sensor,null,286
2021-03-30T13:02:00.686Z,66ea97c0-814c-11eb-b767-3f1a8f1211ba,2,Medidor Humedad,4cb9fb30-9037-11eb-a2e4-b32ea624e442,rel_hum,p,46
2021-03-30T13:02:00.611Z,66ea97c0-814c-11eb-b767-3f1a8f1211ba,1,Temperatura Medidor,9ec94d20-8f8f-11eb-b767-3f1a8f1211ba,temp,c,23.600000381469727
2021-03-30T13:01:22.590Z,66ea97c0-814c-11eb-b767-3f1a8f1211ba,1,Temperatura Medidor,9ec94d20-8f8f-11eb-b767-3f1a8f1211ba,temp,c,24
2021-03-30T13:01:21.638Z,66ea97c0-814c-11eb-b767-3f1a8f1211ba,2,Medidor Humedad,4cb9fb30-9037-11eb-a2e4-b32ea624e442,rel_hum,p,44.79999923706055
2021-03-30T13:01:21.637Z,66ea97c0-814c-11eb-b767-3f1a8f1211ba,3,Potenciometro,681e2140-8f9b-11eb-a2e4-b32ea624e442,analog_sensor,null,285
2021-03-30T13:01:21.562Z,66ea97c0-814c-11eb-b767-3f1a8f1211ba,1,Temperatura Medidor,9ec94d20-8f8f-11eb-b767-3f1a8f1211ba,temp,c,24
2021-03-30T13:01:20.391Z,66ea97c0-814c-11eb-b767-3f1a8f1211ba,0,Channel 0,2b7c5310-8f91-11eb-883c-638d8ce4c23d,,,2109
2021-03-30T13:01:20.354Z,66ea97c0-814c-11eb-b767-3f1a8f1211ba,2,Medidor Humedad,4cb9fb30-9037-11eb-a2e4-b32ea624e442,rel_hum,p,44.900001525878906
2021-03-30T13:01:20.353Z,66ea97c0-814c-11eb-b767-3f1a8f1211ba,3,Potenciometro,681e2140-8f9b-11eb-a2e4-b32ea624e442,analog_sensor,null,284
2021-03-30T13:01:20.352Z,66ea97c0-814c-11eb-b767-3f1a8f1211ba,1,Temperatura Medidor,9ec94d20-8f8f-11eb-b767-3f1a8f1211ba,temp,c,24.100000381469727
2021-03-30T13:01:19.351Z,66ea97c0-814c-11eb-b767-3f1a8f1211ba,3,Potenciometro,681e2140-8f9b-11eb-a2e4-b32ea624e442,analog_sensor,null,285
2021-03-30T13:01:19.351Z,66ea97c0-814c-11eb-b767-3f1a8f1211ba,2,Medidor Humedad,4cb9fb30-9037-11eb-a2e4-b32ea624e442,rel_hum,p,44.900001525878906
2021-03-30T13:01:19.321Z,66ea97c0-814c-11eb-b767-3f1a8f1211ba,1,Temperatura Medidor,9ec94d20-8f8f-11eb-b767-3f1a8f1211ba,temp,c,24.100000381469727
2021-03-30T13:01:18.338Z,66ea97c0-814c-11eb-b767-3f1a8f1211ba,2,Medidor Humedad,4cb9fb30-9037-11eb-a2e4-b32ea624e442,rel_hum,p,45.099998474121094
2021-03-30T13:01:18.190Z,66ea97c0-814c-11eb-b767-3f1a8f1211ba,1,Temperatura Medidor,9ec94d20-8f8f-11eb-b767-3f1a8f1211ba,temp,c,24.100000381469727
2021-03-30T13:01:18.060Z,66ea97c0-814c-11eb-b767-3f1a8f1211ba,3,Potenciometro,681e2140-8f9b-11eb-a2e4-b32ea624e442,analog_sensor,null,283
2021-03-30T13:01:17.099Z,66ea97c0-814c-11eb-b767-3f1a8f1211ba,3,Potenciometro,681e2140-8f9b-11eb-a2e4-b32ea624e442,analog_sensor,null,279
2021-03-30T13:01:17.096Z,66ea97c0-814c-11eb-b767-3f1a8f1211ba,2,Medidor Humedad,4cb9fb30-9037-11eb-a2e4-b32ea624e442,rel_hum,p,45.099998474121094
2021-03-30T13:01:16.978Z,66ea97c0-814c-11eb-b767-3f1a8f1211ba,1,Temperatura Medidor,9ec94d20-8f8f-11eb-b767-3f1a8f1211ba,temp,c,24.100000381469727
2021-03-30T13:01:15.789Z,66ea97c0-814c-11eb-b767-3f1a8f1211ba,2,Medidor Humedad,4cb9fb30-9037-11eb-a2e4-b32ea624e442,rel_hum,p,45.29999923706055
2021-03-30T13:01:15.763Z,66ea97c0-814c-11eb-b767-3f1a8f1211ba,3,Potenciometro,681e2140-8f9b-11eb-a2e4-b32ea624e442,analog_sensor,null,284
2021-03-30T13:01:15.702Z,66ea97c0-814c-11eb-b767-3f1a8f1211ba,1,Temperatura Medidor,9ec94d20-8f8f-11eb-b767-3f1a8f1211ba,temp,c,24.100000381469727
2021-03-30T13:01:14.879Z,66ea97c0-814c-11eb-b767-3f1a8f1211ba,2,Medidor Humedad,4cb9fb30-9037-11eb-a2e4-b32ea624e442,rel_hum,p,45.29999923706055
2021-03-30T13:01:14.758Z,66ea97c0-814c-11eb-b767-3f1a8f1211ba,3,Potenciometro,681e2140-8f9b-11eb-a2e4-b32ea624e442,analog_sensor,null,286
2021-03-30T13:01:14.669Z,66ea97c0-814c-11eb-b767-3f1a8f1211ba,1,Temperatura Medidor,9ec94d20-8f8f-11eb-b767-3f1a8f1211ba,temp,c,24.100000381469727
2021-03-30T13:01:13.587Z,66ea97c0-814c-11eb-b767-3f1a8f1211ba,3,Potenciometro,681e2140-8f9b-11eb-a2e4-b32ea624e442,analog_sensor,null,284
2021-03-30T13:01:13.585Z,66ea97c0-814c-11eb-b767-3f1a8f1211ba,2,Medidor Humedad,4cb9fb30-9037-11eb-a2e4-b32ea624e442,rel_hum,p,45.20000076293945
2021-03-30T13:01:13.556Z,66ea97c0-814c-11eb-b767-3f1a8f1211ba,1,Temperatura Medidor,9ec94d20-8f8f-11eb-b767-3f1a8f1211ba,temp,c,24.100000381469727
2021-03-30T13:01:12.698Z,66ea97c0-814c-11eb-b767-3f1a8f1211ba,1,Temperatura Medidor,9ec94d20-8f8f-11eb-b767-3f1a8f1211ba,temp,c,24.100000381469727
2021-03-30T13:01:12.449Z,66ea97c0-814c-11eb-b767-3f1a8f1211ba,3,Potenciometro,681e2140-8f9b-11eb-a2e4-b32ea624e442,analog_sensor,null,286
2021-03-30T13:01:12.447Z,66ea97c0-814c-11eb-b767-3f1a8f1211ba,2,Medidor Humedad,4cb9fb30-9037-11eb-a2e4-b32ea624e442,rel_hum,p,45.20000076293945
2021-03-30T13:01:11.197Z,66ea97c0-814c-11eb-b767-3f1a8f1211ba,3,Potenciometro,681e2140-8f9b-11eb-a2e4-b32ea624e442,analog_sensor,null,283
2021-03-30T13:01:11.162Z,66ea97c0-814c-11eb-b767-3f1a8f1211ba,2,Medidor Humedad,4cb9fb30-9037-11eb-a2e4-b32ea624e442,rel_hum,p,44.70000076293945
2021-03-30T13:01:11.094Z,66ea97c0-814c-11eb-b767-3f1a8f1211ba,1,Temperatura Medidor,9ec94d20-8f8f-11eb-b767-3f1a8f1211ba,temp,c,24.200000762939453
2021-03-30T13:01:10.612Z,66ea97c0-814c-11eb-b767-3f1a8f1211ba,1,Temperatura Medidor,9ec94d20-8f8f-11eb-b767-3f1a8f1211ba,temp,c,24.200000762939453
2021-03-30T13:01:10.148Z,66ea97c0-814c-11eb-b767-3f1a8f1211ba,3,Potenciometro,681e2140-8f9b-11eb-a2e4-b32ea624e442,analog_sensor,null,285
2021-03-30T13:01:10.147Z,66ea97c0-814c-11eb-b767-3f1a8f1211ba,2,Medidor Humedad,4cb9fb30-9037-11eb-a2e4-b32ea624e442,rel_hum,p,44.70000076293945
2021-03-30T13:01:08.864Z,66ea97c0-814c-11eb-b767-3f1a8f1211ba,2,Medidor Humedad,4cb9fb30-9037-11eb-a2e4-b32ea624e442,rel_hum,p,44.599998474121094
2021-03-30T13:01:08.864Z,66ea97c0-814c-11eb-b767-3f1a8f1211ba,3,Potenciometro,681e2140-8f9b-11eb-a2e4-b32ea624e442,analog_sensor,null,277
2021-03-30T13:01:08.809Z,66ea97c0-814c-11eb-b767-3f1a8f1211ba,1,Temperatura Medidor,9ec94d20-8f8f-11eb-b767-3f1a8f1211ba,temp,c,24.200000762939453
2021-03-30T13:01:08.072Z,66ea97c0-814c-11eb-b767-3f1a8f1211ba,3,Potenciometro,681e2140-8f9b-11eb-a2e4-b32ea624e442,analog_sensor,null,285
2021-03-30T13:01:07.853Z,66ea97c0-814c-11eb-b767-3f1a8f1211ba,2,Medidor Humedad,4cb9fb30-9037-11eb-a2e4-b32ea624e442,rel_hum,p,44.599998474121094
2021-03-30T13:01:07.779Z,66ea97c0-814c-11eb-b767-3f1a8f1211ba,1,Temperatura Medidor,9ec94d20-8f8f-11eb-b767-3f1a8f1211ba,temp,c,24.200000762939453
2021-03-30T13:01:06.565Z,66ea97c0-814c-11eb-b767-3f1a8f1211ba,3,Potenciometro,681e2140-8f9b-11eb-a2e4-b32ea624e442,analog_sensor,null,283
2021-03-30T13:01:05.621Z,66ea97c0-814c-11eb-b767-3f1a8f1211ba,3,Potenciometro,681e2140-8f9b-11eb-a2e4-b32ea624e442,analog_sensor,null,286
2021-03-30T13:01:04.359Z,66ea97c0-814c-11eb-b767-3f1a8f1211ba,3,Potenciometro,681e2140-8f9b-11eb-a2e4-b32ea624e442,analog_sensor,null,284
2021-03-30T13:01:04.196Z,66ea97c0-814c-11eb-b767-3f1a8f1211ba,0,Channel 0,2b7c5310-8f91-11eb-883c-638d8ce4c23d,,,2093
2021-03-30T13:01:03.315Z,66ea97c0-814c-11eb-b767-3f1a8f1211ba,3,Potenciometro,681e2140-8f9b-11eb-a2e4-b32ea624e442,analog_sensor,null,280
2021-03-30T13:01:02.182Z,66ea97c0-814c-11eb-b767-3f1a8f1211ba,2,Medidor Humedad,4cb9fb30-9037-11eb-a2e4-b32ea624e442,rel_hum,p,44.29999923706055
2021-03-30T13:01:02.006Z,66ea97c0-814c-11eb-b767-3f1a8f1211ba,3,Potenciometro,681e2140-8f9b-11eb-a2e4-b32ea624e442,analog_sensor,null,284
2021-03-30T13:01:01.940Z,66ea97c0-814c-11eb-b767-3f1a8f1211ba,1,Temperatura Medidor,9ec94d20-8f8f-11eb-b767-3f1a8f1211ba,temp,c,24.299999237060547
2021-03-30T13:01:01.174Z,66ea97c0-814c-11eb-b767-3f1a8f1211ba,1,Temperatura Medidor,9ec94d20-8f8f-11eb-b767-3f1a8f1211ba,temp,c,24.299999237060547
2021-03-30T13:01:00.969Z,66ea97c0-814c-11eb-b767-3f1a8f1211ba,3,Potenciometro,681e2140-8f9b-11eb-a2e4-b32ea624e442,analog_sensor,null,285
2021-03-30T13:01:00.968Z,66ea97c0-814c-11eb-b767-3f1a8f1211ba,2,Medidor Humedad,4cb9fb30-9037-11eb-a2e4-b32ea624e442,rel_hum,p,44.29999923706055
2021-03-30T13:00:22.936Z,66ea97c0-814c-11eb-b767-3f1a8f1211ba,2,Medidor Humedad,4cb9fb30-9037-11eb-a2e4-b32ea624e442,rel_hum,p,43.099998474121094
2021-03-30T13:00:22.855Z,66ea97c0-814c-11eb-b767-3f1a8f1211ba,1,Temperatura Medidor,9ec94d20-8f8f-11eb-b767-3f1a8f1211ba,temp,c,24.799999237060547
2021-03-30T13:00:22.301Z,66ea97c0-814c-11eb-b767-3f1a8f1211ba,3,Potenciometro,681e2140-8f9b-11eb-a2e4-b32ea624e442,analog_sensor,null,285
2021-03-30T13:00:21.923Z,66ea97c0-814c-11eb-b767-3f1a8f1211ba,2,Medidor Humedad,4cb9fb30-9037-11eb-a2e4-b32ea624e442,rel_hum,p,43.099998474121094
2021-03-30T13:00:21.848Z,66ea97c0-814c-11eb-b767-3f1a8f1211ba,1,Temperatura Medidor,9ec94d20-8f8f-11eb-b767-3f1a8f1211ba,temp,c,24.799999237060547
2021-03-30T13:00:20.637Z,66ea97c0-814c-11eb-b767-3f1a8f1211ba,1,Temperatura Medidor,9ec94d20-8f8f-11eb-b767-3f1a8f1211ba,temp,c,24.899999618530273
2021-03-30T13:00:20.629Z,66ea97c0-814c-11eb-b767-3f1a8f1211ba,2,Medidor Humedad,4cb9fb30-9037-11eb-a2e4-b32ea624e442,rel_hum,p,43.20000076293945
2021-03-30T13:00:20.629Z,66ea97c0-814c-11eb-b767-3f1a8f1211ba,3,Potenciometro,681e2140-8f9b-11eb-a2e4-b32ea624e442,analog_sensor,null,283
2021-03-30T13:00:19.641Z,66ea97c0-814c-11eb-b767-3f1a8f1211ba,3,Potenciometro,681e2140-8f9b-11eb-a2e4-b32ea624e442,analog_sensor,null,284
2021-03-30T13:00:19.619Z,66ea97c0-814c-11eb-b767-3f1a8f1211ba,2,Medidor Humedad,4cb9fb30-9037-11eb-a2e4-b32ea624e442,rel_hum,p,43.20000076293945
2021-03-30T13:00:19.554Z,66ea97c0-814c-11eb-b767-3f1a8f1211ba,1,Temperatura Medidor,9ec94d20-8f8f-11eb-b767-3f1a8f1211ba,temp,c,24.899999618530273
2021-03-30T13:00:18.350Z,66ea97c0-814c-11eb-b767-3f1a8f1211ba,2,Medidor Humedad,4cb9fb30-9037-11eb-a2e4-b32ea624e442,rel_hum,p,42.900001525878906
2021-03-30T13:00:18.349Z,66ea97c0-814c-11eb-b767-3f1a8f1211ba,3,Potenciometro,681e2140-8f9b-11eb-a2e4-b32ea624e442,analog_sensor,null,284
2021-03-30T13:00:18.260Z,66ea97c0-814c-11eb-b767-3f1a8f1211ba,1,Temperatura Medidor,9ec94d20-8f8f-11eb-b767-3f1a8f1211ba,temp,c,24.899999618530273
2021-03-30T13:00:17.347Z,66ea97c0-814c-11eb-b767-3f1a8f1211ba,3,Potenciometro,681e2140-8f9b-11eb-a2e4-b32ea624e442,analog_sensor,null,286
2021-03-30T13:00:17.321Z,66ea97c0-814c-11eb-b767-3f1a8f1211ba,2,Medidor Humedad,4cb9fb30-9037-11eb-a2e4-b32ea624e442,rel_hum,p,42.900001525878906
2021-03-30T13:00:17.247Z,66ea97c0-814c-11eb-b767-3f1a8f1211ba,1,Temperatura Medidor,9ec94d20-8f8f-11eb-b767-3f1a8f1211ba,temp,c,24.899999618530273
2021-03-30T13:00:16.037Z,66ea97c0-814c-11eb-b767-3f1a8f1211ba,2,Medidor Humedad,4cb9fb30-9037-11eb-a2e4-b32ea624e442,rel_hum,p,42.5
2021-03-30T13:00:16.037Z,66ea97c0-814c-11eb-b767-3f1a8f1211ba,1,Temperatura Medidor,9ec94d20-8f8f-11eb-b767-3f1a8f1211ba,temp,c,24.899999618530273
2021-03-30T13:00:16.036Z,66ea97c0-814c-11eb-b767-3f1a8f1211ba,3,Potenciometro,681e2140-8f9b-11eb-a2e4-b32ea624e442,analog_sensor,null,284
2021-03-30T13:00:16.002Z,66ea97c0-814c-11eb-b767-3f1a8f1211ba,0,Channel 0,2b7c5310-8f91-11eb-883c-638d8ce4c23d,,,2045
2021-03-30T13:00:15.082Z,66ea97c0-814c-11eb-b767-3f1a8f1211ba,3,Potenciometro,681e2140-8f9b-11eb-a2e4-b32ea624e442,analog_sensor,null,286
2021-03-30T13:00:15.077Z,66ea97c0-814c-11eb-b767-3f1a8f1211ba,2,Medidor Humedad,4cb9fb30-9037-11eb-a2e4-b32ea624e442,rel_hum,p,42.5
2021-03-30T13:00:14.950Z,66ea97c0-814c-11eb-b767-3f1a8f1211ba,1,Temperatura Medidor,9ec94d20-8f8f-11eb-b767-3f1a8f1211ba,temp,c,24.899999618530273
2021-03-30T13:00:13.768Z,66ea97c0-814c-11eb-b767-3f1a8f1211ba,3,Potenciometro,681e2140-8f9b-11eb-a2e4-b32ea624e442,analog_sensor,null,284
2021-03-30T13:00:13.767Z,66ea97c0-814c-11eb-b767-3f1a8f1211ba,2,Medidor Humedad,4cb9fb30-9037-11eb-a2e4-b32ea624e442,rel_hum,p,42.29999923706055
2021-03-30T13:00:13.661Z,66ea97c0-814c-11eb-b767-3f1a8f1211ba,1,Temperatura Medidor,9ec94d20-8f8f-11eb-b767-3f1a8f1211ba,temp,c,25
2021-03-30T13:00:13.172Z,66ea97c0-814c-11eb-b767-3f1a8f1211ba,3,Potenciometro,681e2140-8f9b-11eb-a2e4-b32ea624e442,analog_sensor,null,286
2021-03-30T13:00:12.727Z,66ea97c0-814c-11eb-b767-3f1a8f1211ba,2,Medidor Humedad,4cb9fb30-9037-11eb-a2e4-b32ea624e442,rel_hum,p,42.29999923706055
2021-03-30T13:00:12.653Z,66ea97c0-814c-11eb-b767-3f1a8f1211ba,1,Temperatura Medidor,9ec94d20-8f8f-11eb-b767-3f1a8f1211ba,temp,c,25
2021-03-30T13:00:11.990Z,66ea97c0-814c-11eb-b767-3f1a8f1211ba,3,Potenciometro,681e2140-8f9b-11eb-a2e4-b32ea624e442,analog_sensor,null,284
2021-03-30T13:00:11.871Z,66ea97c0-814c-11eb-b767-3f1a8f1211ba,1,Temperatura Medidor,9ec94d20-8f8f-11eb-b767-3f1a8f1211ba,temp,c,25
2021-03-30T13:00:11.443Z,66ea97c0-814c-11eb-b767-3f1a8f1211ba,2,Medidor Humedad,4cb9fb30-9037-11eb-a2e4-b32ea624e442,rel_hum,p,42
2021-03-30T13:00:10.663Z,66ea97c0-814c-11eb-b767-3f1a8f1211ba,2,Medidor Humedad,4cb9fb30-9037-11eb-a2e4-b32ea624e442,rel_hum,p,42
2021-03-30T13:00:10.454Z,66ea97c0-814c-11eb-b767-3f1a8f1211ba,3,Potenciometro,681e2140-8f9b-11eb-a2e4-b32ea624e442,analog_sensor,null,285
2021-03-30T13:00:10.354Z,66ea97c0-814c-11eb-b767-3f1a8f1211ba,1,Temperatura Medidor,9ec94d20-8f8f-11eb-b767-3f1a8f1211ba,temp,c,25
2021-03-30T13:00:09.294Z,66ea97c0-814c-11eb-b767-3f1a8f1211ba,2,Medidor Humedad,4cb9fb30-9037-11eb-a2e4-b32ea624e442,rel_hum,p,41.79999923706055
2021-03-30T13:00:09.190Z,66ea97c0-814c-11eb-b767-3f1a8f1211ba,3,Potenciometro,681e2140-8f9b-11eb-a2e4-b32ea624e442,analog_sensor,null,283
2021-03-30T13:00:09.152Z,66ea97c0-814c-11eb-b767-3f1a8f1211ba,1,Temperatura Medidor,9ec94d20-8f8f-11eb-b767-3f1a8f1211ba,temp,c,25
2021-03-30T13:00:08.130Z,66ea97c0-814c-11eb-b767-3f1a8f1211ba,2,Medidor Humedad,4cb9fb30-9037-11eb-a2e4-b32ea624e442,rel_hum,p,41.79999923706055
2021-03-30T13:00:08.130Z,66ea97c0-814c-11eb-b767-3f1a8f1211ba,3,Potenciometro,681e2140-8f9b-11eb-a2e4-b32ea624e442,analog_sensor,null,286
2021-03-30T13:00:08.061Z,66ea97c0-814c-11eb-b767-3f1a8f1211ba,1,Temperatura Medidor,9ec94d20-8f8f-11eb-b767-3f1a8f1211ba,temp,c,25
2021-03-30T13:00:06.901Z,66ea97c0-814c-11eb-b767-3f1a8f1211ba,2,Medidor Humedad,4cb9fb30-9037-11eb-a2e4-b32ea624e442,rel_hum,p,41.599998474121094
2021-03-30T13:00:06.893Z,66ea97c0-814c-11eb-b767-3f1a8f1211ba,3,Potenciometro,681e2140-8f9b-11eb-a2e4-b32ea624e442,analog_sensor,null,277
2021-03-30T13:00:06.787Z,66ea97c0-814c-11eb-b767-3f1a8f1211ba,1,Temperatura Medidor,9ec94d20-8f8f-11eb-b767-3f1a8f1211ba,temp,c,25.100000381469727
2021-03-30T13:00:05.849Z,66ea97c0-814c-11eb-b767-3f1a8f1211ba,3,Potenciometro,681e2140-8f9b-11eb-a2e4-b32ea624e442,analog_sensor,null,286
2021-03-30T13:00:05.845Z,66ea97c0-814c-11eb-b767-3f1a8f1211ba,2,Medidor Humedad,4cb9fb30-9037-11eb-a2e4-b32ea624e442,rel_hum,p,41.599998474121094
2021-03-30T13:00:05.783Z,66ea97c0-814c-11eb-b767-3f1a8f1211ba,1,Temperatura Medidor,9ec94d20-8f8f-11eb-b767-3f1a8f1211ba,temp,c,25.100000381469727
2021-03-30T13:00:04.635Z,66ea97c0-814c-11eb-b767-3f1a8f1211ba,1,Temperatura Medidor,9ec94d20-8f8f-11eb-b767-3f1a8f1211ba,temp,c,25.100000381469727
2021-03-30T13:00:04.571Z,66ea97c0-814c-11eb-b767-3f1a8f1211ba,3,Potenciometro,681e2140-8f9b-11eb-a2e4-b32ea624e442,analog_sensor,null,284
2021-03-30T13:00:04.568Z,66ea97c0-814c-11eb-b767-3f1a8f1211ba,2,Medidor Humedad,4cb9fb30-9037-11eb-a2e4-b32ea624e442,rel_hum,p,41.29999923706055
2021-03-30T13:00:03.620Z,66ea97c0-814c-11eb-b767-3f1a8f1211ba,3,Potenciometro,681e2140-8f9b-11eb-a2e4-b32ea624e442,analog_sensor,null,278
2021-03-30T13:00:03.596Z,66ea97c0-814c-11eb-b767-3f1a8f1211ba,2,Medidor Humedad,4cb9fb30-9037-11eb-a2e4-b32ea624e442,rel_hum,p,41.29999923706055
2021-03-30T13:00:03.471Z,66ea97c0-814c-11eb-b767-3f1a8f1211ba,1,Temperatura Medidor,9ec94d20-8f8f-11eb-b767-3f1a8f1211ba,temp,c,25.100000381469727
2021-03-30T13:00:02.289Z,66ea97c0-814c-11eb-b767-3f1a8f1211ba,3,Potenciometro,681e2140-8f9b-11eb-a2e4-b32ea624e442,analog_sensor,null,284
2021-03-30T13:00:01.239Z,66ea97c0-814c-11eb-b767-3f1a8f1211ba,3,Potenciometro,681e2140-8f9b-11eb-a2e4-b32ea624e442,analog_sensor,null,288
2021-03-30T12:59:22.136Z,66ea97c0-814c-11eb-b767-3f1a8f1211ba,1,Temperatura Medidor,9ec94d20-8f8f-11eb-b767-3f1a8f1211ba,temp,c,25.799999237060547
2021-03-30T12:59:21.037Z,66ea97c0-814c-11eb-b767-3f1a8f1211ba,2,Medidor Humedad,4cb9fb30-9037-11eb-a2e4-b32ea624e442,rel_hum,p,39.79999923706055
2021-03-30T12:59:21.011Z,66ea97c0-814c-11eb-b767-3f1a8f1211ba,3,Potenciometro,681e2140-8f9b-11eb-a2e4-b32ea624e442,analog_sensor,null,283
2021-03-30T12:59:20.932Z,66ea97c0-814c-11eb-b767-3f1a8f1211ba,1,Temperatura Medidor,9ec94d20-8f8f-11eb-b767-3f1a8f1211ba,temp,c,25.799999237060547
2021-03-30T12:59:19.974Z,66ea97c0-814c-11eb-b767-3f1a8f1211ba,3,Potenciometro,681e2140-8f9b-11eb-a2e4-b32ea624e442,analog_sensor,null,278
2021-03-30T12:59:19.916Z,66ea97c0-814c-11eb-b767-3f1a8f1211ba,2,Medidor Humedad,4cb9fb30-9037-11eb-a2e4-b32ea624e442,rel_hum,p,39.79999923706055
2021-03-30T12:59:19.838Z,66ea97c0-814c-11eb-b767-3f1a8f1211ba,1,Temperatura Medidor,9ec94d20-8f8f-11eb-b767-3f1a8f1211ba,temp,c,25.799999237060547
2021-03-30T12:59:18.935Z,66ea97c0-814c-11eb-b767-3f1a8f1211ba,2,Medidor Humedad,4cb9fb30-9037-11eb-a2e4-b32ea624e442,rel_hum,p,39.70000076293945
2021-03-30T12:59:18.932Z,66ea97c0-814c-11eb-b767-3f1a8f1211ba,3,Potenciometro,681e2140-8f9b-11eb-a2e4-b32ea624e442,analog_sensor,null,283
2021-03-30T12:59:18.608Z,66ea97c0-814c-11eb-b767-3f1a8f1211ba,1,Temperatura Medidor,9ec94d20-8f8f-11eb-b767-3f1a8f1211ba,temp,c,25.799999237060547
2021-03-30T12:59:18.056Z,66ea97c0-814c-11eb-b767-3f1a8f1211ba,3,Potenciometro,681e2140-8f9b-11eb-a2e4-b32ea624e442,analog_sensor,null,285
2021-03-30T12:59:17.622Z,66ea97c0-814c-11eb-b767-3f1a8f1211ba,2,Medidor Humedad,4cb9fb30-9037-11eb-a2e4-b32ea624e442,rel_hum,p,39.70000076293945
2021-03-30T12:59:17.545Z,66ea97c0-814c-11eb-b767-3f1a8f1211ba,1,Temperatura Medidor,9ec94d20-8f8f-11eb-b767-3f1a8f1211ba,temp,c,25.799999237060547
2021-03-30T12:59:16.331Z,66ea97c0-814c-11eb-b767-3f1a8f1211ba,3,Potenciometro,681e2140-8f9b-11eb-a2e4-b32ea624e442,analog_sensor,null,277
2021-03-30T12:59:16.330Z,66ea97c0-814c-11eb-b767-3f1a8f1211ba,2,Medidor Humedad,4cb9fb30-9037-11eb-a2e4-b32ea624e442,rel_hum,p,39.79999923706055
2021-03-30T12:59:16.261Z,66ea97c0-814c-11eb-b767-3f1a8f1211ba,1,Temperatura Medidor,9ec94d20-8f8f-11eb-b767-3f1a8f1211ba,temp,c,25.899999618530273
2021-03-30T12:59:15.411Z,66ea97c0-814c-11eb-b767-3f1a8f1211ba,3,Potenciometro,681e2140-8f9b-11eb-a2e4-b32ea624e442,analog_sensor,null,285
2021-03-30T12:59:15.329Z,66ea97c0-814c-11eb-b767-3f1a8f1211ba,2,Medidor Humedad,4cb9fb30-9037-11eb-a2e4-b32ea624e442,rel_hum,p,39.79999923706055
2021-03-30T12:59:15.278Z,66ea97c0-814c-11eb-b767-3f1a8f1211ba,1,Temperatura Medidor,9ec94d20-8f8f-11eb-b767-3f1a8f1211ba,temp,c,25.899999618530273
2021-03-30T12:59:14.104Z,66ea97c0-814c-11eb-b767-3f1a8f1211ba,2,Medidor Humedad,4cb9fb30-9037-11eb-a2e4-b32ea624e442,rel_hum,p,39.79999923706055
2021-03-30T12:59:14.103Z,66ea97c0-814c-11eb-b767-3f1a8f1211ba,3,Potenciometro,681e2140-8f9b-11eb-a2e4-b32ea624e442,analog_sensor,null,283
2021-03-30T12:59:13.982Z,66ea97c0-814c-11eb-b767-3f1a8f1211ba,1,Temperatura Medidor,9ec94d20-8f8f-11eb-b767-3f1a8f1211ba,temp,c,25.899999618530273
2021-03-30T12:59:13.029Z,66ea97c0-814c-11eb-b767-3f1a8f1211ba,2,Medidor Humedad,4cb9fb30-9037-11eb-a2e4-b32ea624e442,rel_hum,p,39.79999923706055
2021-03-30T12:59:13.027Z,66ea97c0-814c-11eb-b767-3f1a8f1211ba,3,Potenciometro,681e2140-8f9b-11eb-a2e4-b32ea624e442,analog_sensor,null,285
2021-03-30T12:59:12.993Z,66ea97c0-814c-11eb-b767-3f1a8f1211ba,1,Temperatura Medidor,9ec94d20-8f8f-11eb-b767-3f1a8f1211ba,temp,c,25.899999618530273
2021-03-30T12:59:11.800Z,66ea97c0-814c-11eb-b767-3f1a8f1211ba,3,Potenciometro,681e2140-8f9b-11eb-a2e4-b32ea624e442,analog_sensor,null,283
2021-03-30T12:59:11.799Z,66ea97c0-814c-11eb-b767-3f1a8f1211ba,1,Temperatura Medidor,9ec94d20-8f8f-11eb-b767-3f1a8f1211ba,temp,c,26
2021-03-30T12:59:11.743Z,66ea97c0-814c-11eb-b767-3f1a8f1211ba,2,Medidor Humedad,4cb9fb30-9037-11eb-a2e4-b32ea624e442,rel_hum,p,40.400001525878906
2021-03-30T12:59:11.675Z,66ea97c0-814c-11eb-b767-3f1a8f1211ba,0,Channel 0,2b7c5310-8f91-11eb-883c-638d8ce4c23d,,,1981
2021-03-30T12:59:11.294Z,66ea97c0-814c-11eb-b767-3f1a8f1211ba,2,Medidor Humedad,4cb9fb30-9037-11eb-a2e4-b32ea624e442,rel_hum,p,40.400001525878906
2021-03-30T12:59:10.730Z,66ea97c0-814c-11eb-b767-3f1a8f1211ba,3,Potenciometro,681e2140-8f9b-11eb-a2e4-b32ea624e442,analog_sensor,null,285
2021-03-30T12:59:10.655Z,66ea97c0-814c-11eb-b767-3f1a8f1211ba,1,Temperatura Medidor,9ec94d20-8f8f-11eb-b767-3f1a8f1211ba,temp,c,26
2021-03-30T12:59:09.446Z,66ea97c0-814c-11eb-b767-3f1a8f1211ba,3,Potenciometro,681e2140-8f9b-11eb-a2e4-b32ea624e442,analog_sensor,null,284
2021-03-30T12:59:08.434Z,66ea97c0-814c-11eb-b767-3f1a8f1211ba,3,Potenciometro,681e2140-8f9b-11eb-a2e4-b32ea624e442,analog_sensor,null,281
2021-03-30T12:59:07.225Z,66ea97c0-814c-11eb-b767-3f1a8f1211ba,3,Potenciometro,681e2140-8f9b-11eb-a2e4-b32ea624e442,analog_sensor,null,284
2021-03-30T12:59:06.140Z,66ea97c0-814c-11eb-b767-3f1a8f1211ba,3,Potenciometro,681e2140-8f9b-11eb-a2e4-b32ea624e442,analog_sensor,null,288
2021-03-30T12:59:04.986Z,66ea97c0-814c-11eb-b767-3f1a8f1211ba,3,Potenciometro,681e2140-8f9b-11eb-a2e4-b32ea624e442,analog_sensor,null,283
2021-03-30T12:59:04.859Z,66ea97c0-814c-11eb-b767-3f1a8f1211ba,2,Medidor Humedad,4cb9fb30-9037-11eb-a2e4-b32ea624e442,rel_hum,p,39.70000076293945
2021-03-30T12:59:04.784Z,66ea97c0-814c-11eb-b767-3f1a8f1211ba,1,Temperatura Medidor,9ec94d20-8f8f-11eb-b767-3f1a8f1211ba,temp,c,26.100000381469727
2021-03-30T12:59:03.963Z,66ea97c0-814c-11eb-b767-3f1a8f1211ba,1,Temperatura Medidor,9ec94d20-8f8f-11eb-b767-3f1a8f1211ba,temp,c,26.100000381469727
2021-03-30T12:59:03.854Z,66ea97c0-814c-11eb-b767-3f1a8f1211ba,3,Potenciometro,681e2140-8f9b-11eb-a2e4-b32ea624e442,analog_sensor,null,285
2021-03-30T12:59:03.850Z,66ea97c0-814c-11eb-b767-3f1a8f1211ba,2,Medidor Humedad,4cb9fb30-9037-11eb-a2e4-b32ea624e442,rel_hum,p,39.70000076293945
2021-03-30T12:59:02.670Z,66ea97c0-814c-11eb-b767-3f1a8f1211ba,3,Potenciometro,681e2140-8f9b-11eb-a2e4-b32ea624e442,analog_sensor,null,284
2021-03-30T12:59:02.563Z,66ea97c0-814c-11eb-b767-3f1a8f1211ba,2,Medidor Humedad,4cb9fb30-9037-11eb-a2e4-b32ea624e442,rel_hum,p,39.5
2021-03-30T12:59:02.488Z,66ea97c0-814c-11eb-b767-3f1a8f1211ba,1,Temperatura Medidor,9ec94d20-8f8f-11eb-b767-3f1a8f1211ba,temp,c,26.100000381469727
2021-03-30T12:59:01.600Z,66ea97c0-814c-11eb-b767-3f1a8f1211ba,2,Medidor Humedad,4cb9fb30-9037-11eb-a2e4-b32ea624e442,rel_hum,p,39.5
2021-03-30T12:59:01.598Z,66ea97c0-814c-11eb-b767-3f1a8f1211ba,3,Potenciometro,681e2140-8f9b-11eb-a2e4-b32ea624e442,analog_sensor,null,285
2021-03-30T12:59:01.481Z,66ea97c0-814c-11eb-b767-3f1a8f1211ba,1,Temperatura Medidor,9ec94d20-8f8f-11eb-b767-3f1a8f1211ba,temp,c,26.100000381469727
2021-03-30T12:59:01.458Z,66ea97c0-814c-11eb-b767-3f1a8f1211ba,1,Temperatura Medidor,9ec94d20-8f8f-11eb-b767-3f1a8f1211ba,,,
2021-03-30T12:59:00.163Z,66ea97c0-814c-11eb-b767-3f1a8f1211ba,2,Medidor Humedad,4cb9fb30-9037-11eb-a2e4-b32ea624e442,rel_hum,p,38.900001525878906
2021-03-30T12:59:00.160Z,66ea97c0-814c-11eb-b767-3f1a8f1211ba,3,Potenciometro,681e2140-8f9b-11eb-a2e4-b32ea624e442,analog_sensor,null,283
2021-03-30T12:59:00.050Z,66ea97c0-814c-11eb-b767-3f1a8f1211ba,1,Temperatura Medidor,9ec94d20-8f8f-11eb-b767-3f1a8f1211ba,temp,c,26.100000381469727
